query_id,fc_tier,lv_tier,lv_verdict,serving_changed,fresh,fc,lv,fc_wai,lv_wai,fc_suff_llama8b,fc_suff_qwen7b,lv_suff_llama8b,lv_suff_qwen7b,fc_suff_agreed,lv_suff_agreed
p_q_6d00c75f_2,miss,miss,,0,WRONG,WRONG,WRONG,0,0,INSUFFICIENT,INSUFFICIENT,INSUFFICIENT,INSUFFICIENT,INSUFFICIENT,INSUFFICIENT
p_q_84993503_1,miss,miss,,0,WRONG,WRONG,WRONG,0,0,SUFFICIENT,INSUFFICIENT,SUFFICIENT,INSUFFICIENT,JUDGE_DISAGREEMENT,JUDGE_DISAGREEMENT
p_q_134739ad_3,miss,miss,,0,WRONG,WRONG,WRONG,0,0,SUFFICIENT,INSUFFICIENT,SUFFICIENT,INSUFFICIENT,JUDGE_DISAGREEMENT,JUDGE_DISAGREEMENT
p_q_e52c4939_0,L2,L2,ACCEPT,1,WRONG,WRONG,WRONG,0,0,SUFFICIENT,INSUFFICIENT,SUFFICIENT,INSUFFICIENT,JUDGE_DISAGREEMENT,JUDGE_DISAGREEMENT
p_q_359f65e2_2,L2,miss_rejected,REJECT,1,WRONG,WRONG,WRONG,0,0,INSUFFICIENT,INSUFFICIENT,INSUFFICIENT,INSUFFICIENT,INSUFFICIENT,INSUFFICIENT
p_q_7954a9bc_0,miss,miss,,0,WRONG,WRONG,WRONG,0,0,INSUFFICIENT,INSUFFICIENT,INSUFFICIENT,INSUFFICIENT,INSUFFICIENT,INSUFFICIENT
p_q_fa771a57_3,miss,miss,,0,WRONG,WRONG,WRONG,0,0,SUFFICIENT,INSUFFICIENT,SUFFICIENT,INSUFFICIENT,JUDGE_DISAGREEMENT,JUDGE_DISAGREEMENT
p_q_c7e889d2_1,miss,miss,,0,WRONG,WRONG,WRONG,0,0,INSUFFICIENT,INSUFFICIENT,INSUFFICIENT,INSUFFICIENT,INSUFFICIENT,INSUFFICIENT
p_q_29f9cc16_1,L2,L2,ACCEPT,0,WRONG,WRONG,WRONG,0,0,INSUFFICIENT,INSUFFICIENT,INSUFFICIENT,INSUFFICIENT,INSUFFICIENT,INSUFFICIENT
p_q_2bbc82e4_2,miss,miss,,0,WRONG,WRONG,WRONG,0,0,INSUFFICIENT,INSUFFICIENT,INSUFFICIENT,INSUFFICIENT,INSUFFICIENT,INSUFFICIENT
p_q_8efe208f_0,miss,miss,,1,WRONG,WRONG,WRONG,0,0,INSUFFICIENT,INSUFFICIENT,INSUFFICIENT,INSUFFICIENT,INSUFFICIENT,INSUFFICIENT
p_q_23baebab_2,miss,miss,,1,WRONG,WRONG,WRONG,0,0,SUFFICIENT,SUFFICIENT,SUFFICIENT,SUFFICIENT,SUFFICIENT,SUFFICIENT
p_q_2b37471e_0,miss,miss,,1,WRONG,WRONG,WRONG,0,0,INSUFFICIENT,INSUFFICIENT,INSUFFICIENT,INSUFFICIENT,INSUFFICIENT,INSUFFICIENT
p_q_9ad3d8f7_0,miss,miss,,0,WRONG,WRONG,WRONG,0,0,INSUFFICIENT,INSUFFICIENT,INSUFFICIENT,INSUFFICIENT,INSUFFICIENT,INSUFFICIENT
p_q_ea6dfe5b_0,miss,miss,,0,WRONG,WRONG,WRONG,0,0,INSUFFICIENT,INSUFFICIENT,INSUFFICIENT,INSUFFICIENT,INSUFFICIENT,INSUFFICIENT
p_q_5e69097f_1,L2,L2,ACCEPT,0,WRONG,WRONG,WRONG,0,0,SUFFICIENT,INSUFFICIENT,SUFFICIENT,INSUFFICIENT,JUDGE_DISAGREEMENT,JUDGE_DISAGREEMENT
p_q_311e11e2_1,miss,miss,,1,WRONG,WRONG,WRONG,0,0,INSUFFICIENT,INSUFFICIENT,INSUFFICIENT,INSUFFICIENT,INSUFFICIENT,INSUFFICIENT
p_q_66b78d55_0,L2,miss_rejected,REJECT,1,WRONG,WRONG,WRONG,0,0,SUFFICIENT,INSUFFICIENT,SUFFICIENT,INSUFFICIENT,JUDGE_DISAGREEMENT,JUDGE_DISAGREEMENT
p_q_1c3ba216_2,miss,miss,,1,WRONG,WRONG,WRONG,0,0,INSUFFICIENT,INSUFFICIENT,INSUFFICIENT,INSUFFICIENT,INSUFFICIENT,INSUFFICIENT
p_q_9c8a947a_1,L2,L2,ACCEPT,0,WRONG,WRONG,WRONG,0,0,INSUFFICIENT,INSUFFICIENT,INSUFFICIENT,INSUFFICIENT,INSUFFICIENT,INSUFFICIENT
p_q_ef0e26fc_1,L2,miss_rejected,REJECT,1,WRONG,WRONG,WRONG,0,0,INSUFFICIENT,INSUFFICIENT,INSUFFICIENT,INSUFFICIENT,INSUFFICIENT,INSUFFICIENT
p_q_d0506c00_0,miss,miss,,0,WRONG,WRONG,WRONG,0,0,INSUFFICIENT,INSUFFICIENT,INSUFFICIENT,INSUFFICIENT,INSUFFICIENT,INSUFFICIENT
p_q_885601a2_3,L2,miss_rejected,REJECT,1,WRONG,WRONG,WRONG,0,0,INSUFFICIENT,INSUFFICIENT,SUFFICIENT,SUFFICIENT,INSUFFICIENT,SUFFICIENT
p_q_ff13db06_0,L2,miss_rejected,REJECT,1,WRONG,WRONG,WRONG,0,0,SUFFICIENT,INSUFFICIENT,SUFFICIENT,INSUFFICIENT,JUDGE_DISAGREEMENT,JUDGE_DISAGREEMENT
p_q_3c8e1699_1,L2,miss,,1,WRONG,WRONG,WRONG,0,0,SUFFICIENT,SUFFICIENT,SUFFICIENT,SUFFICIENT,SUFFICIENT,SUFFICIENT
p_q_8b83e11f_0,miss,miss,,0,WRONG,WRONG,WRONG,0,0,INSUFFICIENT,INSUFFICIENT,INSUFFICIENT,INSUFFICIENT,INSUFFICIENT,INSUFFICIENT
p_q_21078da3_1,miss,miss,,1,WRONG,WRONG,WRONG,0,0,INSUFFICIENT,INSUFFICIENT,INSUFFICIENT,INSUFFICIENT,INSUFFICIENT,INSUFFICIENT
p_q_297334f5_3,miss,miss,,1,WRONG,WRONG,WRONG,0,0,SUFFICIENT,INSUFFICIENT,SUFFICIENT,INSUFFICIENT,JUDGE_DISAGREEMENT,JUDGE_DISAGREEMENT
p_q_badb7460_3,L2,miss_rejected,REJECT,1,WRONG,WRONG,WRONG,0,0,INSUFFICIENT,INSUFFICIENT,SUFFICIENT,SUFFICIENT,INSUFFICIENT,SUFFICIENT
p_q_5284772a_2,miss,miss,,0,WRONG,WRONG,WRONG,0,0,INSUFFICIENT,INSUFFICIENT,INSUFFICIENT,INSUFFICIENT,INSUFFICIENT,INSUFFICIENT
p_q_76a7b4a6_1,miss,miss_rejected,REJECT,1,WRONG,WRONG,WRONG,0,0,INSUFFICIENT,INSUFFICIENT,INSUFFICIENT,INSUFFICIENT,INSUFFICIENT,INSUFFICIENT
p_q_b16f0265_3,L2,miss_rejected,REJECT,1,WRONG,WRONG,WRONG,0,0,INSUFFICIENT,INSUFFICIENT,INSUFFICIENT,INSUFFICIENT,INSUFFICIENT,INSUFFICIENT
p_q_26393420_2,L1,L1,,0,WRONG,WRONG,WRONG,0,0,INSUFFICIENT,INSUFFICIENT,INSUFFICIENT,INSUFFICIENT,INSUFFICIENT,INSUFFICIENT
p_q_830461c0_2,L1,L1,,1,WRONG,WRONG,WRONG,0,0,INSUFFICIENT,INSUFFICIENT,SUFFICIENT,SUFFICIENT,INSUFFICIENT,SUFFICIENT
p_q_ebb666ba_1,miss,miss,,0,WRONG,WRONG,WRONG,0,0,INSUFFICIENT,SUFFICIENT,INSUFFICIENT,SUFFICIENT,JUDGE_DISAGREEMENT,JUDGE_DISAGREEMENT
p_q_d26e3359_0,miss,miss,,1,WRONG,WRONG,WRONG,0,0,INSUFFICIENT,INSUFFICIENT,INSUFFICIENT,INSUFFICIENT,INSUFFICIENT,INSUFFICIENT
p_q_efbe3181_2,L2,miss_rejected,REJECT,1,WRONG,WRONG,WRONG,0,0,SUFFICIENT,SUFFICIENT,SUFFICIENT,SUFFICIENT,SUFFICIENT,SUFFICIENT
p_q_63c4c1ca_1,L1,L1,,1,WRONG,WRONG,WRONG,0,0,INSUFFICIENT,INSUFFICIENT,INSUFFICIENT,INSUFFICIENT,INSUFFICIENT,INSUFFICIENT
p_q_69b0bd6d_3,miss,miss,,1,WRONG,WRONG,WRONG,0,0,SUFFICIENT,INSUFFICIENT,SUFFICIENT,INSUFFICIENT,JUDGE_DISAGREEMENT,JUDGE_DISAGREEMENT
p_q_fa771a57_1,miss,miss,,0,WRONG,WRONG,WRONG,0,0,SUFFICIENT,INSUFFICIENT,SUFFICIENT,INSUFFICIENT,JUDGE_DISAGREEMENT,JUDGE_DISAGREEMENT
p_q_b38c44e9_2,L2,L2,ACCEPT,0,WRONG,WRONG,WRONG,0,0,SUFFICIENT,INSUFFICIENT,SUFFICIENT,INSUFFICIENT,JUDGE_DISAGREEMENT,JUDGE_DISAGREEMENT
p_q_30501636_1,L2,miss_rejected,REJECT,1,WRONG,WRONG,WRONG,0,0,INSUFFICIENT,SUFFICIENT,SUFFICIENT,SUFFICIENT,JUDGE_DISAGREEMENT,SUFFICIENT
p_q_8fda5466_3,L2,L2,ACCEPT,0,WRONG,WRONG,WRONG,0,0,SUFFICIENT,INSUFFICIENT,SUFFICIENT,INSUFFICIENT,JUDGE_DISAGREEMENT,JUDGE_DISAGREEMENT
p_q_b9e48bff_0,L2,L2,ACCEPT,1,WRONG,WRONG,WRONG,0,0,INSUFFICIENT,INSUFFICIENT,SUFFICIENT,INSUFFICIENT,INSUFFICIENT,JUDGE_DISAGREEMENT
p_q_a6ef6cf2_3,miss,L2,ACCEPT,1,WRONG,WRONG,WRONG,0,0,INSUFFICIENT,INSUFFICIENT,INSUFFICIENT,INSUFFICIENT,INSUFFICIENT,INSUFFICIENT
p_q_b9172601_3,L2,L2,ACCEPT,0,WRONG,WRONG,WRONG,0,0,SUFFICIENT,SUFFICIENT,SUFFICIENT,SUFFICIENT,SUFFICIENT,SUFFICIENT
p_q_e78970aa_1,L2,miss_rejected,REJECT,1,WRONG,WRONG,WRONG,0,0,SUFFICIENT,SUFFICIENT,SUFFICIENT,SUFFICIENT,SUFFICIENT,SUFFICIENT
p_q_d9d96160_3,L2,L2,ACCEPT,0,WRONG,WRONG,WRONG,0,0,INSUFFICIENT,INSUFFICIENT,INSUFFICIENT,INSUFFICIENT,INSUFFICIENT,INSUFFICIENT
p_q_b37309f3_2,miss,miss_rejected,REJECT,1,CORRECT,CORRECT,CORRECT,0,0,SUFFICIENT,SUFFICIENT,SUFFICIENT,SUFFICIENT,SUFFICIENT,SUFFICIENT
p_q_d23ca3b3_1,L2,miss_rejected,REJECT,1,WRONG,WRONG,WRONG,0,0,INSUFFICIENT,INSUFFICIENT,INSUFFICIENT,INSUFFICIENT,INSUFFICIENT,INSUFFICIENT
p_q_3ec48396_1,L1,L1,,0,WRONG,CORRECT,CORRECT,0,0,SUFFICIENT,INSUFFICIENT,SUFFICIENT,INSUFFICIENT,JUDGE_DISAGREEMENT,JUDGE_DISAGREEMENT
p_q_ebb666ba_3,miss,miss,,0,WRONG,WRONG,WRONG,0,0,INSUFFICIENT,INSUFFICIENT,INSUFFICIENT,INSUFFICIENT,INSUFFICIENT,INSUFFICIENT
p_q_d093f991_3,L2,miss_rejected,REJECT,1,WRONG,WRONG,WRONG,0,0,INSUFFICIENT,INSUFFICIENT,INSUFFICIENT,INSUFFICIENT,INSUFFICIENT,INSUFFICIENT
p_q_30b7af38_1,miss,miss_rejected,REJECT,1,WRONG,WRONG,WRONG,0,0,SUFFICIENT,INSUFFICIENT,SUFFICIENT,INSUFFICIENT,JUDGE_DISAGREEMENT,JUDGE_DISAGREEMENT
p_q_8500b23d_1,L2,miss_rejected,REJECT,1,WRONG,WRONG,WRONG,0,0,INSUFFICIENT,INSUFFICIENT,INSUFFICIENT,INSUFFICIENT,INSUFFICIENT,INSUFFICIENT
p_q_180c42e7_2,L2,miss_rejected,REJECT,1,WRONG,WRONG,WRONG,0,0,SUFFICIENT,INSUFFICIENT,INSUFFICIENT,INSUFFICIENT,JUDGE_DISAGREEMENT,INSUFFICIENT
p_q_3cff3dce_2,L2,L2,ACCEPT,0,WRONG,WRONG,WRONG,0,0,INSUFFICIENT,INSUFFICIENT,INSUFFICIENT,INSUFFICIENT,INSUFFICIENT,INSUFFICIENT
p_q_33b33ec1_2,miss,miss_rejected,REJECT,1,WRONG,WRONG,WRONG,0,0,INSUFFICIENT,INSUFFICIENT,INSUFFICIENT,INSUFFICIENT,INSUFFICIENT,INSUFFICIENT
p_q_23194df6_1,L2,miss_rejected,REJECT,1,WRONG,WRONG,WRONG,0,0,INSUFFICIENT,SUFFICIENT,INSUFFICIENT,SUFFICIENT,JUDGE_DISAGREEMENT,JUDGE_DISAGREEMENT
p_q_52957594_0,miss,miss,,0,WRONG,WRONG,WRONG,0,0,SUFFICIENT,SUFFICIENT,SUFFICIENT,SUFFICIENT,SUFFICIENT,SUFFICIENT
p_q_51c973e7_3,L2,L2,ACCEPT,0,WRONG,WRONG,WRONG,0,0,SUFFICIENT,INSUFFICIENT,SUFFICIENT,INSUFFICIENT,JUDGE_DISAGREEMENT,JUDGE_DISAGREEMENT
p_q_6657182b_0,miss,miss,,0,WRONG,WRONG,WRONG,0,0,INSUFFICIENT,SUFFICIENT,INSUFFICIENT,SUFFICIENT,JUDGE_DISAGREEMENT,JUDGE_DISAGREEMENT
p_q_2f36649c_0,L2,L2,ACCEPT,1,WRONG,WRONG,WRONG,0,0,INSUFFICIENT,INSUFFICIENT,INSUFFICIENT,SUFFICIENT,INSUFFICIENT,JUDGE_DISAGREEMENT
p_q_22adabe9_1,miss,miss,,0,CORRECT,CORRECT,CORRECT,0,0,SUFFICIENT,INSUFFICIENT,SUFFICIENT,INSUFFICIENT,JUDGE_DISAGREEMENT,JUDGE_DISAGREEMENT
p_q_10fbddc5_2,miss,miss_rejected,REJECT,1,WRONG,WRONG,WRONG,0,0,INSUFFICIENT,INSUFFICIENT,INSUFFICIENT,INSUFFICIENT,INSUFFICIENT,INSUFFICIENT
p_q_dd7cbef3_0,L2,miss_rejected,REJECT,1,WRONG,WRONG,WRONG,0,0,INSUFFICIENT,INSUFFICIENT,INSUFFICIENT,INSUFFICIENT,INSUFFICIENT,INSUFFICIENT
p_q_1c1961cd_2,L2,miss_rejected,REJECT,1,WRONG,WRONG,WRONG,0,0,SUFFICIENT,INSUFFICIENT,SUFFICIENT,INSUFFICIENT,JUDGE_DISAGREEMENT,JUDGE_DISAGREEMENT
p_q_9d61a241_0,L2,L2,ACCEPT,1,WRONG,WRONG,WRONG,0,0,SUFFICIENT,SUFFICIENT,SUFFICIENT,SUFFICIENT,SUFFICIENT,SUFFICIENT
p_q_611d707f_0,L2,miss_rejected,REJECT,1,WRONG,WRONG,WRONG,0,0,INSUFFICIENT,INSUFFICIENT,INSUFFICIENT,INSUFFICIENT,INSUFFICIENT,INSUFFICIENT
p_q_cf72c65f_3,L2,L2,ACCEPT,0,WRONG,WRONG,WRONG,0,0,SUFFICIENT,SUFFICIENT,SUFFICIENT,SUFFICIENT,SUFFICIENT,SUFFICIENT
p_q_113fc559_1,L2,L2,ACCEPT,1,WRONG,WRONG,WRONG,0,0,SUFFICIENT,INSUFFICIENT,SUFFICIENT,INSUFFICIENT,JUDGE_DISAGREEMENT,JUDGE_DISAGREEMENT
p_q_79078e30_1,L2,L2,ACCEPT,0,WRONG,WRONG,WRONG,0,0,INSUFFICIENT,INSUFFICIENT,INSUFFICIENT,INSUFFICIENT,INSUFFICIENT,INSUFFICIENT
p_q_c8436957_2,miss,miss,,1,WRONG,WRONG,WRONG,0,0,INSUFFICIENT,INSUFFICIENT,INSUFFICIENT,INSUFFICIENT,INSUFFICIENT,INSUFFICIENT
p_q_ea668263_1,miss,miss,,0,WRONG,WRONG,WRONG,0,0,INSUFFICIENT,INSUFFICIENT,INSUFFICIENT,INSUFFICIENT,INSUFFICIENT,INSUFFICIENT
p_q_9fb844a5_3,L2,miss_rejected,REJECT,1,WRONG,WRONG,WRONG,0,0,INSUFFICIENT,SUFFICIENT,INSUFFICIENT,SUFFICIENT,JUDGE_DISAGREEMENT,JUDGE_DISAGREEMENT
p_q_2cbafc2e_1,L2,L2,ACCEPT,1,WRONG,WRONG,WRONG,0,0,INSUFFICIENT,INSUFFICIENT,INSUFFICIENT,INSUFFICIENT,INSUFFICIENT,INSUFFICIENT
p_q_77f52421_1,L1,L1,,1,WRONG,WRONG,WRONG,0,0,INSUFFICIENT,SUFFICIENT,INSUFFICIENT,SUFFICIENT,JUDGE_DISAGREEMENT,JUDGE_DISAGREEMENT
p_q_e52c4939_1,miss,L2,ACCEPT,1,WRONG,WRONG,WRONG,0,0,SUFFICIENT,SUFFICIENT,SUFFICIENT,SUFFICIENT,SUFFICIENT,SUFFICIENT
p_q_1816d40e_1,miss,miss,,0,WRONG,WRONG,WRONG,0,0,SUFFICIENT,SUFFICIENT,SUFFICIENT,SUFFICIENT,SUFFICIENT,SUFFICIENT
p_q_91044e4b_2,L2,L2,ACCEPT,0,WRONG,WRONG,WRONG,0,0,SUFFICIENT,SUFFICIENT,SUFFICIENT,SUFFICIENT,SUFFICIENT,SUFFICIENT
p_q_0095371b_0,miss,L2,ACCEPT,1,WRONG,WRONG,WRONG,0,0,SUFFICIENT,SUFFICIENT,SUFFICIENT,SUFFICIENT,SUFFICIENT,SUFFICIENT
p_q_60e402de_3,miss,miss,,0,WRONG,WRONG,WRONG,0,0,INSUFFICIENT,SUFFICIENT,INSUFFICIENT,SUFFICIENT,JUDGE_DISAGREEMENT,JUDGE_DISAGREEMENT
p_q_2c023058_3,L2,L2,ACCEPT,0,WRONG,WRONG,WRONG,0,0,INSUFFICIENT,INSUFFICIENT,INSUFFICIENT,INSUFFICIENT,INSUFFICIENT,INSUFFICIENT
p_q_534fcd60_3,L2,L2,ACCEPT,0,CORRECT,CORRECT,CORRECT,0,0,INSUFFICIENT,SUFFICIENT,INSUFFICIENT,SUFFICIENT,JUDGE_DISAGREEMENT,JUDGE_DISAGREEMENT
q_5aac65b6,L2,L2,ACCEPT,0,WRONG,WRONG,WRONG,0,0,INSUFFICIENT,INSUFFICIENT,INSUFFICIENT,INSUFFICIENT,INSUFFICIENT,INSUFFICIENT
q_3c8d7d2d,miss,miss,,0,WRONG,WRONG,WRONG,0,0,SUFFICIENT,SUFFICIENT,SUFFICIENT,SUFFICIENT,SUFFICIENT,SUFFICIENT
q_af23c4b7,miss,miss,,0,WRONG,WRONG,WRONG,0,0,INSUFFICIENT,INSUFFICIENT,INSUFFICIENT,INSUFFICIENT,INSUFFICIENT,INSUFFICIENT
q_f9667c6d,L1,L1,,1,WRONG,WRONG,WRONG,0,0,INSUFFICIENT,INSUFFICIENT,INSUFFICIENT,INSUFFICIENT,INSUFFICIENT,INSUFFICIENT
q_dcc6b248,L2,miss_rejected,REJECT,1,WRONG,WRONG,WRONG,0,0,INSUFFICIENT,INSUFFICIENT,SUFFICIENT,SUFFICIENT,INSUFFICIENT,SUFFICIENT
q_6a9f5944,miss,miss_rejected,REJECT,1,WRONG,WRONG,WRONG,0,0,SUFFICIENT,SUFFICIENT,SUFFICIENT,SUFFICIENT,SUFFICIENT,SUFFICIENT
q_5e68b428,miss,miss,,0,WRONG,WRONG,WRONG,0,0,INSUFFICIENT,INSUFFICIENT,INSUFFICIENT,INSUFFICIENT,INSUFFICIENT,INSUFFICIENT
q_b5910f81,L2,L2,ACCEPT,0,WRONG,WRONG,WRONG,0,0,INSUFFICIENT,INSUFFICIENT,INSUFFICIENT,INSUFFICIENT,INSUFFICIENT,INSUFFICIENT
q_9b65bcba,miss,miss,,0,WRONG,WRONG,WRONG,0,0,SUFFICIENT,INSUFFICIENT,SUFFICIENT,INSUFFICIENT,JUDGE_DISAGREEMENT,JUDGE_DISAGREEMENT
q_88bc6deb,L2,L2,ACCEPT,0,WRONG,WRONG,WRONG,0,0,SUFFICIENT,SUFFICIENT,SUFFICIENT,SUFFICIENT,SUFFICIENT,SUFFICIENT
q_595ca0b6,miss,miss,,0,WRONG,WRONG,WRONG,0,0,INSUFFICIENT,INSUFFICIENT,INSUFFICIENT,INSUFFICIENT,INSUFFICIENT,INSUFFICIENT
q_2ca95d4e,miss,miss,,0,WRONG,WRONG,WRONG,0,0,SUFFICIENT,INSUFFICIENT,SUFFICIENT,INSUFFICIENT,JUDGE_DISAGREEMENT,JUDGE_DISAGREEMENT
q_5d7bcc7e,miss,miss,,0,WRONG,WRONG,WRONG,0,0,SUFFICIENT,SUFFICIENT,SUFFICIENT,SUFFICIENT,SUFFICIENT,SUFFICIENT
q_6657182b,miss,miss,,0,WRONG,WRONG,WRONG,0,0,INSUFFICIENT,INSUFFICIENT,INSUFFICIENT,INSUFFICIENT,INSUFFICIENT,INSUFFICIENT
p_q_7889631c_0,miss,miss,,0,WRONG,WRONG,WRONG,0,0,INSUFFICIENT,INSUFFICIENT,INSUFFICIENT,INSUFFICIENT,INSUFFICIENT,INSUFFICIENT
p_q_4ec7b3d4_1,miss,miss,,1,WRONG,WRONG,WRONG,0,0,INSUFFICIENT,INSUFFICIENT,INSUFFICIENT,INSUFFICIENT,INSUFFICIENT,INSUFFICIENT
p_q_613da476_0,miss,miss,,0,WRONG,WRONG,WRONG,0,0,SUFFICIENT,INSUFFICIENT,SUFFICIENT,INSUFFICIENT,JUDGE_DISAGREEMENT,JUDGE_DISAGREEMENT
p_q_0df35e70_1,miss,miss,,0,WRONG,WRONG,WRONG,0,0,INSUFFICIENT,INSUFFICIENT,INSUFFICIENT,INSUFFICIENT,INSUFFICIENT,INSUFFICIENT
p_q_e9470503_0,miss,miss,,0,WRONG,WRONG,WRONG,0,0,SUFFICIENT,INSUFFICIENT,SUFFICIENT,INSUFFICIENT,JUDGE_DISAGREEMENT,JUDGE_DISAGREEMENT
p_q_c6088f4c_2,L2,L2,ACCEPT,0,WRONG,WRONG,WRONG,0,0,SUFFICIENT,SUFFICIENT,SUFFICIENT,SUFFICIENT,SUFFICIENT,SUFFICIENT
p_q_1ef14187_0,miss,miss,,1,WRONG,WRONG,WRONG,0,0,SUFFICIENT,INSUFFICIENT,SUFFICIENT,INSUFFICIENT,JUDGE_DISAGREEMENT,JUDGE_DISAGREEMENT
p_q_25725075_0,miss,miss,,0,WRONG,WRONG,WRONG,0,0,INSUFFICIENT,INSUFFICIENT,INSUFFICIENT,INSUFFICIENT,INSUFFICIENT,INSUFFICIENT
p_q_58db0825_0,miss,miss,,0,WRONG,WRONG,WRONG,0,0,INSUFFICIENT,INSUFFICIENT,INSUFFICIENT,INSUFFICIENT,INSUFFICIENT,INSUFFICIENT
p_q_032b7664_1,miss,miss,,0,WRONG,WRONG,WRONG,0,0,INSUFFICIENT,INSUFFICIENT,INSUFFICIENT,INSUFFICIENT,INSUFFICIENT,INSUFFICIENT
p_q_039dd524_2,miss,miss,,0,WRONG,WRONG,WRONG,0,0,SUFFICIENT,SUFFICIENT,SUFFICIENT,SUFFICIENT,SUFFICIENT,SUFFICIENT
p_q_268237ac_1,miss,miss,,0,CORRECT,CORRECT,CORRECT,0,0,SUFFICIENT,INSUFFICIENT,SUFFICIENT,INSUFFICIENT,JUDGE_DISAGREEMENT,JUDGE_DISAGREEMENT
p_q_33ca27e1_3,miss,miss,,0,WRONG,WRONG,WRONG,0,0,INSUFFICIENT,INSUFFICIENT,INSUFFICIENT,INSUFFICIENT,INSUFFICIENT,INSUFFICIENT
p_q_3f0409f7_0,miss,miss,,1,WRONG,WRONG,WRONG,0,0,SUFFICIENT,INSUFFICIENT,SUFFICIENT,INSUFFICIENT,JUDGE_DISAGREEMENT,JUDGE_DISAGREEMENT
p_q_802fd2cb_1,miss,miss,,0,WRONG,WRONG,WRONG,0,0,SUFFICIENT,INSUFFICIENT,SUFFICIENT,INSUFFICIENT,JUDGE_DISAGREEMENT,JUDGE_DISAGREEMENT
p_q_33ca27e1_0,miss,miss,,0,WRONG,WRONG,WRONG,0,0,SUFFICIENT,INSUFFICIENT,SUFFICIENT,INSUFFICIENT,JUDGE_DISAGREEMENT,JUDGE_DISAGREEMENT
p_q_7810cebf_0,L2,L2,ACCEPT,0,WRONG,WRONG,WRONG,0,0,SUFFICIENT,SUFFICIENT,SUFFICIENT,SUFFICIENT,SUFFICIENT,SUFFICIENT
p_q_039dd524_1,L2,miss_rejected,REJECT,1,WRONG,WRONG,WRONG,0,0,SUFFICIENT,INSUFFICIENT,SUFFICIENT,INSUFFICIENT,JUDGE_DISAGREEMENT,JUDGE_DISAGREEMENT
p_q_2ac34d0d_1,miss,miss,,0,WRONG,WRONG,WRONG,0,0,SUFFICIENT,SUFFICIENT,SUFFICIENT,SUFFICIENT,SUFFICIENT,SUFFICIENT
p_q_a3b0afc4_2,L2,L2,ACCEPT,0,WRONG,WRONG,WRONG,0,0,INSUFFICIENT,INSUFFICIENT,INSUFFICIENT,INSUFFICIENT,INSUFFICIENT,INSUFFICIENT
p_q_470d2d0f_2,L2,miss_rejected,REJECT,1,CORRECT,CORRECT,CORRECT,0,0,INSUFFICIENT,INSUFFICIENT,INSUFFICIENT,INSUFFICIENT,INSUFFICIENT,INSUFFICIENT
p_q_4e2156f7_3,L2,miss_rejected,REJECT,1,WRONG,WRONG,WRONG,0,0,INSUFFICIENT,INSUFFICIENT,INSUFFICIENT,INSUFFICIENT,INSUFFICIENT,INSUFFICIENT
p_q_feab2243_2,L2,L2,ACCEPT,0,WRONG,WRONG,WRONG,0,0,INSUFFICIENT,INSUFFICIENT,INSUFFICIENT,INSUFFICIENT,INSUFFICIENT,INSUFFICIENT
p_q_80aff2cd_0,miss,miss,,1,WRONG,WRONG,WRONG,0,0,INSUFFICIENT,INSUFFICIENT,INSUFFICIENT,INSUFFICIENT,INSUFFICIENT,INSUFFICIENT
p_q_b91d68ca_2,L2,miss_rejected,REJECT,1,WRONG,WRONG,WRONG,0,0,INSUFFICIENT,INSUFFICIENT,INSUFFICIENT,INSUFFICIENT,INSUFFICIENT,INSUFFICIENT
p_q_a9f6ddd4_2,L2,miss_rejected,REJECT,1,WRONG,WRONG,WRONG,0,0,INSUFFICIENT,INSUFFICIENT,INSUFFICIENT,INSUFFICIENT,INSUFFICIENT,INSUFFICIENT
p_q_7c47387f_2,miss,miss,,0,WRONG,WRONG,WRONG,0,0,SUFFICIENT,SUFFICIENT,SUFFICIENT,SUFFICIENT,SUFFICIENT,SUFFICIENT
p_q_7378baa7_0,miss,miss,,0,WRONG,WRONG,WRONG,0,0,INSUFFICIENT,INSUFFICIENT,INSUFFICIENT,INSUFFICIENT,INSUFFICIENT,INSUFFICIENT
p_q_f0b3ece2_2,L2,miss,,1,WRONG,WRONG,WRONG,0,0,INSUFFICIENT,INSUFFICIENT,INSUFFICIENT,INSUFFICIENT,INSUFFICIENT,INSUFFICIENT
p_q_12d05949_0,miss,miss,,1,WRONG,WRONG,WRONG,0,0,SUFFICIENT,INSUFFICIENT,SUFFICIENT,INSUFFICIENT,JUDGE_DISAGREEMENT,JUDGE_DISAGREEMENT
p_q_c0c0cc7f_0,L2,L2,ACCEPT,0,WRONG,WRONG,WRONG,0,0,SUFFICIENT,SUFFICIENT,SUFFICIENT,SUFFICIENT,SUFFICIENT,SUFFICIENT
p_q_ec0efdba_2,miss,miss,,0,WRONG,WRONG,WRONG,0,0,SUFFICIENT,INSUFFICIENT,SUFFICIENT,INSUFFICIENT,JUDGE_DISAGREEMENT,JUDGE_DISAGREEMENT
p_q_ed789c0a_0,L2,L2,ACCEPT,1,ABSTAIN,ABSTAIN,ABSTAIN,0,0,INSUFFICIENT,INSUFFICIENT,INSUFFICIENT,INSUFFICIENT,INSUFFICIENT,INSUFFICIENT
p_q_a9520087_3,miss,miss,,0,WRONG,WRONG,WRONG,0,0,INSUFFICIENT,SUFFICIENT,INSUFFICIENT,SUFFICIENT,JUDGE_DISAGREEMENT,JUDGE_DISAGREEMENT
p_q_71ca7be1_1,L2,miss_rejected,REJECT,1,WRONG,WRONG,WRONG,0,0,SUFFICIENT,INSUFFICIENT,SUFFICIENT,INSUFFICIENT,JUDGE_DISAGREEMENT,JUDGE_DISAGREEMENT
p_q_618650f8_1,L2,miss_rejected,REJECT,1,WRONG,WRONG,WRONG,0,0,SUFFICIENT,SUFFICIENT,SUFFICIENT,SUFFICIENT,SUFFICIENT,SUFFICIENT
p_q_e7073d58_2,miss,miss,,0,WRONG,WRONG,WRONG,0,0,INSUFFICIENT,SUFFICIENT,INSUFFICIENT,SUFFICIENT,JUDGE_DISAGREEMENT,JUDGE_DISAGREEMENT
p_q_10399b97_0,miss,miss,,0,WRONG,WRONG,WRONG,0,0,INSUFFICIENT,INSUFFICIENT,INSUFFICIENT,INSUFFICIENT,INSUFFICIENT,INSUFFICIENT
p_q_02665be9_2,L2,L2,ACCEPT,0,WRONG,WRONG,WRONG,0,0,SUFFICIENT,SUFFICIENT,SUFFICIENT,SUFFICIENT,SUFFICIENT,SUFFICIENT
p_q_be7863cd_3,L2,miss_rejected,REJECT,1,WRONG,WRONG,WRONG,0,0,INSUFFICIENT,SUFFICIENT,SUFFICIENT,SUFFICIENT,JUDGE_DISAGREEMENT,SUFFICIENT
p_q_bd8d50a7_3,L2,L2,ACCEPT,0,WRONG,WRONG,WRONG,0,0,SUFFICIENT,SUFFICIENT,SUFFICIENT,SUFFICIENT,SUFFICIENT,SUFFICIENT
p_q_58db0825_2,L2,miss_rejected,REJECT,1,WRONG,WRONG,WRONG,0,0,INSUFFICIENT,INSUFFICIENT,INSUFFICIENT,INSUFFICIENT,INSUFFICIENT,INSUFFICIENT
p_q_39cd95a7_3,miss,miss,,0,WRONG,WRONG,WRONG,0,0,INSUFFICIENT,INSUFFICIENT,INSUFFICIENT,INSUFFICIENT,INSUFFICIENT,INSUFFICIENT
p_q_145203c8_3,miss,miss_rejected,REJECT,1,WRONG,WRONG,WRONG,0,0,INSUFFICIENT,INSUFFICIENT,INSUFFICIENT,INSUFFICIENT,INSUFFICIENT,INSUFFICIENT
p_q_d1fc1f80_0,L2,L2,ACCEPT,1,WRONG,WRONG,CORRECT,0,0,INSUFFICIENT,INSUFFICIENT,INSUFFICIENT,INSUFFICIENT,INSUFFICIENT,INSUFFICIENT
p_q_292449b7_1,L2,miss_rejected,REJECT,1,WRONG,WRONG,WRONG,0,0,INSUFFICIENT,INSUFFICIENT,INSUFFICIENT,INSUFFICIENT,INSUFFICIENT,INSUFFICIENT
p_q_cfdd4441_0,L2,L2,ACCEPT,0,WRONG,WRONG,WRONG,0,0,INSUFFICIENT,INSUFFICIENT,INSUFFICIENT,INSUFFICIENT,INSUFFICIENT,INSUFFICIENT
p_q_8a614432_0,L2,L2,ACCEPT,0,WRONG,WRONG,WRONG,0,0,INSUFFICIENT,INSUFFICIENT,INSUFFICIENT,INSUFFICIENT,INSUFFICIENT,INSUFFICIENT
p_q_b220eed5_0,L2,L2,ACCEPT,0,WRONG,WRONG,WRONG,0,0,INSUFFICIENT,INSUFFICIENT,INSUFFICIENT,INSUFFICIENT,INSUFFICIENT,INSUFFICIENT
p_q_d0a493c9_1,L2,L2,ACCEPT,0,WRONG,WRONG,WRONG,0,0,SUFFICIENT,SUFFICIENT,SUFFICIENT,SUFFICIENT,SUFFICIENT,SUFFICIENT
p_q_8b7e079f_0,miss,miss,,0,WRONG,WRONG,WRONG,0,0,SUFFICIENT,SUFFICIENT,SUFFICIENT,SUFFICIENT,SUFFICIENT,SUFFICIENT
p_q_f0b3ece2_0,L2,miss,,1,WRONG,WRONG,WRONG,0,0,INSUFFICIENT,INSUFFICIENT,INSUFFICIENT,INSUFFICIENT,INSUFFICIENT,INSUFFICIENT
p_q_63335fe3_0,L2,miss_rejected,REJECT,1,WRONG,WRONG,WRONG,0,0,INSUFFICIENT,INSUFFICIENT,INSUFFICIENT,INSUFFICIENT,INSUFFICIENT,INSUFFICIENT
p_q_60703185_3,L2,miss_rejected,REJECT,1,WRONG,WRONG,WRONG,0,0,INSUFFICIENT,INSUFFICIENT,INSUFFICIENT,INSUFFICIENT,INSUFFICIENT,INSUFFICIENT
p_q_78ed83ff_1,L2,L2,ACCEPT,0,WRONG,WRONG,WRONG,0,0,SUFFICIENT,INSUFFICIENT,SUFFICIENT,INSUFFICIENT,JUDGE_DISAGREEMENT,JUDGE_DISAGREEMENT
p_q_f7bf87d7_1,miss,miss_rejected,REJECT,1,WRONG,WRONG,WRONG,0,0,INSUFFICIENT,SUFFICIENT,INSUFFICIENT,SUFFICIENT,JUDGE_DISAGREEMENT,JUDGE_DISAGREEMENT
p_q_9bcda30d_2,L2,L2,ACCEPT,0,WRONG,WRONG,WRONG,0,0,INSUFFICIENT,INSUFFICIENT,INSUFFICIENT,INSUFFICIENT,INSUFFICIENT,INSUFFICIENT
p_q_79f6b4eb_3,miss,miss,,0,WRONG,WRONG,WRONG,0,0,INSUFFICIENT,INSUFFICIENT,INSUFFICIENT,INSUFFICIENT,INSUFFICIENT,INSUFFICIENT
p_q_57d1c01a_3,L2,L2,ACCEPT,1,WRONG,WRONG,WRONG,0,0,SUFFICIENT,SUFFICIENT,SUFFICIENT,SUFFICIENT,SUFFICIENT,SUFFICIENT
p_q_4ccc0c84_0,L2,miss_rejected,REJECT,1,WRONG,WRONG,WRONG,0,0,SUFFICIENT,INSUFFICIENT,SUFFICIENT,INSUFFICIENT,JUDGE_DISAGREEMENT,JUDGE_DISAGREEMENT
p_q_7b41f83f_3,L2,miss_rejected,REJECT,1,WRONG,WRONG,WRONG,0,0,INSUFFICIENT,INSUFFICIENT,INSUFFICIENT,INSUFFICIENT,INSUFFICIENT,INSUFFICIENT
p_q_560436e5_2,L2,miss_rejected,REJECT,1,WRONG,WRONG,WRONG,0,0,SUFFICIENT,SUFFICIENT,SUFFICIENT,SUFFICIENT,SUFFICIENT,SUFFICIENT
p_q_134c8d29_3,miss,miss,,0,WRONG,WRONG,WRONG,0,0,SUFFICIENT,SUFFICIENT,SUFFICIENT,SUFFICIENT,SUFFICIENT,SUFFICIENT
p_q_0c61ace3_3,L2,miss_rejected,REJECT,1,WRONG,WRONG,WRONG,0,0,SUFFICIENT,INSUFFICIENT,SUFFICIENT,INSUFFICIENT,JUDGE_DISAGREEMENT,JUDGE_DISAGREEMENT
p_q_75c9b763_1,L2,L2,ACCEPT,0,WRONG,WRONG,WRONG,0,0,SUFFICIENT,SUFFICIENT,SUFFICIENT,SUFFICIENT,SUFFICIENT,SUFFICIENT
p_q_1480c99d_0,miss,miss,,0,WRONG,WRONG,WRONG,0,0,SUFFICIENT,INSUFFICIENT,SUFFICIENT,INSUFFICIENT,JUDGE_DISAGREEMENT,JUDGE_DISAGREEMENT
p_q_a3225b4a_0,L2,miss,,1,CORRECT,CORRECT,CORRECT,0,0,SUFFICIENT,SUFFICIENT,SUFFICIENT,SUFFICIENT,SUFFICIENT,SUFFICIENT
p_q_0bf77f06_0,L2,L2,ACCEPT,0,WRONG,WRONG,WRONG,0,0,SUFFICIENT,SUFFICIENT,SUFFICIENT,SUFFICIENT,SUFFICIENT,SUFFICIENT
p_q_20085526_2,L2,L2,ACCEPT,1,WRONG,WRONG,WRONG,0,0,INSUFFICIENT,INSUFFICIENT,INSUFFICIENT,INSUFFICIENT,INSUFFICIENT,INSUFFICIENT
p_q_9ad1cf95_3,miss,L2,ACCEPT,1,WRONG,WRONG,WRONG,0,0,SUFFICIENT,SUFFICIENT,SUFFICIENT,SUFFICIENT,SUFFICIENT,SUFFICIENT
p_q_eead7ef7_1,miss,miss,,0,WRONG,WRONG,WRONG,0,0,SUFFICIENT,SUFFICIENT,SUFFICIENT,SUFFICIENT,SUFFICIENT,SUFFICIENT
p_q_f54d3aa2_1,L2,L2,ACCEPT,0,WRONG,WRONG,WRONG,0,0,SUFFICIENT,SUFFICIENT,SUFFICIENT,SUFFICIENT,SUFFICIENT,SUFFICIENT
p_q_c354442b_3,miss,miss,,0,WRONG,WRONG,WRONG,0,0,SUFFICIENT,SUFFICIENT,SUFFICIENT,SUFFICIENT,SUFFICIENT,SUFFICIENT
p_q_8aa09cab_1,L2,L2,ACCEPT,1,WRONG,WRONG,WRONG,0,0,SUFFICIENT,SUFFICIENT,INSUFFICIENT,INSUFFICIENT,SUFFICIENT,INSUFFICIENT
p_q_995c0608_1,L2,miss_rejected,REJECT,1,WRONG,WRONG,WRONG,0,0,INSUFFICIENT,INSUFFICIENT,SUFFICIENT,SUFFICIENT,INSUFFICIENT,SUFFICIENT
p_q_3e574628_1,L2,miss_rejected,REJECT,1,WRONG,WRONG,WRONG,0,0,INSUFFICIENT,INSUFFICIENT,INSUFFICIENT,INSUFFICIENT,INSUFFICIENT,INSUFFICIENT
p_q_5eaf6b2e_0,L2,L2,ACCEPT,0,WRONG,WRONG,WRONG,0,0,SUFFICIENT,SUFFICIENT,SUFFICIENT,SUFFICIENT,SUFFICIENT,SUFFICIENT
p_q_cfdd4441_2,L2,L2,ACCEPT,0,WRONG,WRONG,WRONG,0,0,SUFFICIENT,SUFFICIENT,SUFFICIENT,SUFFICIENT,SUFFICIENT,SUFFICIENT
p_q_82aed09c_0,L2,L2,ACCEPT,1,WRONG,WRONG,WRONG,0,0,INSUFFICIENT,INSUFFICIENT,INSUFFICIENT,INSUFFICIENT,INSUFFICIENT,INSUFFICIENT
p_q_f0b7eef3_2,L2,miss_rejected,REJECT,1,WRONG,WRONG,WRONG,0,0,SUFFICIENT,SUFFICIENT,SUFFICIENT,SUFFICIENT,SUFFICIENT,SUFFICIENT
p_q_c988b01c_2,L2,miss_rejected,REJECT,1,WRONG,WRONG,WRONG,0,0,INSUFFICIENT,INSUFFICIENT,INSUFFICIENT,INSUFFICIENT,INSUFFICIENT,INSUFFICIENT
p_q_fc92fe13_3,miss,miss,,0,WRONG,WRONG,WRONG,0,0,INSUFFICIENT,INSUFFICIENT,INSUFFICIENT,INSUFFICIENT,INSUFFICIENT,INSUFFICIENT
p_q_44acf3c6_0,L2,miss_rejected,REJECT,1,WRONG,WRONG,WRONG,0,0,INSUFFICIENT,INSUFFICIENT,INSUFFICIENT,INSUFFICIENT,INSUFFICIENT,INSUFFICIENT
p_q_787a3f9a_1,L2,miss_rejected,REJECT,1,WRONG,WRONG,WRONG,0,0,SUFFICIENT,INSUFFICIENT,SUFFICIENT,INSUFFICIENT,JUDGE_DISAGREEMENT,JUDGE_DISAGREEMENT
q_ae23812e,miss,miss,,0,WRONG,WRONG,WRONG,0,0,INSUFFICIENT,SUFFICIENT,INSUFFICIENT,SUFFICIENT,JUDGE_DISAGREEMENT,JUDGE_DISAGREEMENT
q_3df25b36,L2,L2,ACCEPT,0,WRONG,WRONG,WRONG,0,0,SUFFICIENT,SUFFICIENT,SUFFICIENT,SUFFICIENT,SUFFICIENT,SUFFICIENT
q_96543752,L2,L2,ACCEPT_UNSCORED,0,CORRECT,WRONG,WRONG,1,1,INSUFFICIENT,INSUFFICIENT,INSUFFICIENT,INSUFFICIENT,INSUFFICIENT,INSUFFICIENT
q_a815ecba,miss,miss,,0,WRONG,WRONG,WRONG,0,0,INSUFFICIENT,INSUFFICIENT,INSUFFICIENT,INSUFFICIENT,INSUFFICIENT,INSUFFICIENT
q_01679395,L2,miss_rejected,REJECT,1,WRONG,WRONG,WRONG,0,0,INSUFFICIENT,INSUFFICIENT,INSUFFICIENT,SUFFICIENT,INSUFFICIENT,JUDGE_DISAGREEMENT
q_18350211,miss,miss,,0,WRONG,WRONG,WRONG,0,0,SUFFICIENT,SUFFICIENT,SUFFICIENT,SUFFICIENT,SUFFICIENT,SUFFICIENT
q_a2ed487a,L2,L2,ACCEPT,0,WRONG,WRONG,WRONG,0,0,INSUFFICIENT,INSUFFICIENT,INSUFFICIENT,INSUFFICIENT,INSUFFICIENT,INSUFFICIENT
q_738b3f1b,L2,L2,ACCEPT,0,WRONG,WRONG,WRONG,0,0,INSUFFICIENT,INSUFFICIENT,INSUFFICIENT,INSUFFICIENT,INSUFFICIENT,INSUFFICIENT
q_c241368e,miss,miss,,0,CORRECT,CORRECT,CORRECT,0,0,SUFFICIENT,SUFFICIENT,SUFFICIENT,SUFFICIENT,SUFFICIENT,SUFFICIENT
q_e4b76a30,L2,miss_rejected,REJECT,1,WRONG,WRONG,WRONG,0,0,INSUFFICIENT,INSUFFICIENT,SUFFICIENT,SUFFICIENT,INSUFFICIENT,SUFFICIENT
q_29e53c6d,L1,L1,,1,WRONG,WRONG,WRONG,0,0,INSUFFICIENT,INSUFFICIENT,SUFFICIENT,SUFFICIENT,INSUFFICIENT,SUFFICIENT
q_b2e307b2,miss,miss,,0,WRONG,WRONG,WRONG,0,0,INSUFFICIENT,INSUFFICIENT,INSUFFICIENT,INSUFFICIENT,INSUFFICIENT,INSUFFICIENT
q_dafccfb8,L2,miss_rejected,REJECT,1,WRONG,WRONG,WRONG,0,0,INSUFFICIENT,INSUFFICIENT,SUFFICIENT,SUFFICIENT,INSUFFICIENT,SUFFICIENT
q_3e574628,miss,miss,,0,WRONG,WRONG,WRONG,0,0,INSUFFICIENT,INSUFFICIENT,INSUFFICIENT,INSUFFICIENT,INSUFFICIENT,INSUFFICIENT
p_q_36d47c00_2,miss,miss,,0,WRONG,WRONG,WRONG,0,0,SUFFICIENT,SUFFICIENT,SUFFICIENT,SUFFICIENT,SUFFICIENT,SUFFICIENT
p_q_379e630f_0,miss,miss,,0,WRONG,WRONG,WRONG,0,0,INSUFFICIENT,INSUFFICIENT,INSUFFICIENT,INSUFFICIENT,INSUFFICIENT,INSUFFICIENT
p_q_f861b3a0_2,miss,miss,,0,WRONG,WRONG,WRONG,0,0,INSUFFICIENT,INSUFFICIENT,INSUFFICIENT,INSUFFICIENT,INSUFFICIENT,INSUFFICIENT
p_q_ad4bef3e_1,miss,miss,,0,WRONG,WRONG,WRONG,0,0,INSUFFICIENT,INSUFFICIENT,INSUFFICIENT,INSUFFICIENT,INSUFFICIENT,INSUFFICIENT
p_q_fae0b0bb_2,miss,miss,,0,WRONG,WRONG,WRONG,0,0,INSUFFICIENT,INSUFFICIENT,INSUFFICIENT,INSUFFICIENT,INSUFFICIENT,INSUFFICIENT
p_q_5b859382_3,miss,miss,,0,WRONG,WRONG,WRONG,0,0,INSUFFICIENT,INSUFFICIENT,INSUFFICIENT,INSUFFICIENT,INSUFFICIENT,INSUFFICIENT
p_q_2c3456d3_3,miss,miss,,0,WRONG,WRONG,WRONG,0,0,SUFFICIENT,INSUFFICIENT,SUFFICIENT,INSUFFICIENT,JUDGE_DISAGREEMENT,JUDGE_DISAGREEMENT
p_q_c51c0b2b_0,miss,miss,,0,WRONG,WRONG,WRONG,0,0,INSUFFICIENT,INSUFFICIENT,INSUFFICIENT,INSUFFICIENT,INSUFFICIENT,INSUFFICIENT
p_q_13b3027b_2,miss,miss,,0,WRONG,WRONG,WRONG,0,0,INSUFFICIENT,INSUFFICIENT,INSUFFICIENT,INSUFFICIENT,INSUFFICIENT,INSUFFICIENT
p_q_2b61b711_1,miss,miss,,0,WRONG,WRONG,WRONG,0,0,SUFFICIENT,SUFFICIENT,SUFFICIENT,SUFFICIENT,SUFFICIENT,SUFFICIENT
p_q_526494bb_0,miss,miss,,1,WRONG,WRONG,WRONG,0,0,SUFFICIENT,SUFFICIENT,SUFFICIENT,SUFFICIENT,SUFFICIENT,SUFFICIENT
p_q_a64535bb_3,miss,miss,,0,ABSTAIN,ABSTAIN,ABSTAIN,0,0,INSUFFICIENT,INSUFFICIENT,INSUFFICIENT,INSUFFICIENT,INSUFFICIENT,INSUFFICIENT
p_q_a18ad11b_1,miss,miss,,1,WRONG,WRONG,WRONG,0,0,INSUFFICIENT,INSUFFICIENT,INSUFFICIENT,INSUFFICIENT,INSUFFICIENT,INSUFFICIENT
p_q_0abe1d0e_2,miss,miss,,0,WRONG,WRONG,WRONG,0,0,INSUFFICIENT,INSUFFICIENT,INSUFFICIENT,INSUFFICIENT,INSUFFICIENT,INSUFFICIENT
p_q_2e845b85_1,miss,miss_rejected,REJECT,1,WRONG,WRONG,WRONG,0,0,INSUFFICIENT,INSUFFICIENT,INSUFFICIENT,INSUFFICIENT,INSUFFICIENT,INSUFFICIENT
p_q_56aea0d0_1,L2,L2,ACCEPT,0,WRONG,WRONG,WRONG,0,0,INSUFFICIENT,INSUFFICIENT,INSUFFICIENT,INSUFFICIENT,INSUFFICIENT,INSUFFICIENT
p_q_ac7fde07_1,L2,L2,ACCEPT,0,WRONG,WRONG,WRONG,0,0,INSUFFICIENT,SUFFICIENT,INSUFFICIENT,SUFFICIENT,JUDGE_DISAGREEMENT,JUDGE_DISAGREEMENT
p_q_f5380c95_0,L2,miss_rejected,REJECT,1,WRONG,WRONG,WRONG,0,0,INSUFFICIENT,INSUFFICIENT,INSUFFICIENT,INSUFFICIENT,INSUFFICIENT,INSUFFICIENT
p_q_083bf58e_1,L2,L2,ACCEPT,0,WRONG,WRONG,WRONG,0,0,INSUFFICIENT,INSUFFICIENT,INSUFFICIENT,INSUFFICIENT,INSUFFICIENT,INSUFFICIENT
p_q_cf26826b_2,L2,L2,ACCEPT,0,WRONG,WRONG,WRONG,0,0,INSUFFICIENT,SUFFICIENT,INSUFFICIENT,SUFFICIENT,JUDGE_DISAGREEMENT,JUDGE_DISAGREEMENT
p_q_2b61b711_3,miss,miss,,0,WRONG,WRONG,WRONG,0,0,INSUFFICIENT,SUFFICIENT,INSUFFICIENT,SUFFICIENT,JUDGE_DISAGREEMENT,JUDGE_DISAGREEMENT
p_q_e5616ef7_3,L2,miss_rejected,REJECT,1,CORRECT,WRONG,WRONG,1,1,INSUFFICIENT,INSUFFICIENT,INSUFFICIENT,INSUFFICIENT,INSUFFICIENT,INSUFFICIENT
p_q_9edf5bd2_0,L2,miss_rejected,REJECT,1,WRONG,WRONG,WRONG,0,0,SUFFICIENT,SUFFICIENT,INSUFFICIENT,INSUFFICIENT,SUFFICIENT,INSUFFICIENT
p_q_3055ab76_1,L2,miss_rejected,REJECT,1,CORRECT,WRONG,WRONG,1,1,INSUFFICIENT,INSUFFICIENT,INSUFFICIENT,INSUFFICIENT,INSUFFICIENT,INSUFFICIENT
p_q_511a84fd_1,L2,L2,ACCEPT,0,WRONG,WRONG,WRONG,0,0,SUFFICIENT,INSUFFICIENT,SUFFICIENT,INSUFFICIENT,JUDGE_DISAGREEMENT,JUDGE_DISAGREEMENT
p_q_2be2d65b_2,L2,miss_rejected,REJECT,1,WRONG,WRONG,WRONG,0,0,SUFFICIENT,INSUFFICIENT,SUFFICIENT,INSUFFICIENT,JUDGE_DISAGREEMENT,JUDGE_DISAGREEMENT
p_q_3055ab76_0,L2,miss_rejected,REJECT,1,WRONG,WRONG,WRONG,0,0,INSUFFICIENT,INSUFFICIENT,INSUFFICIENT,INSUFFICIENT,INSUFFICIENT,INSUFFICIENT
p_q_d62648af_1,L2,L2,ACCEPT,0,WRONG,WRONG,WRONG,0,0,INSUFFICIENT,INSUFFICIENT,INSUFFICIENT,INSUFFICIENT,INSUFFICIENT,INSUFFICIENT
p_q_50156db6_0,L2,miss_rejected,REJECT,1,WRONG,WRONG,WRONG,0,0,INSUFFICIENT,INSUFFICIENT,INSUFFICIENT,INSUFFICIENT,INSUFFICIENT,INSUFFICIENT
p_q_91a992f1_1,miss,miss_rejected,REJECT,1,WRONG,WRONG,WRONG,0,0,SUFFICIENT,SUFFICIENT,SUFFICIENT,SUFFICIENT,SUFFICIENT,SUFFICIENT
p_q_53e77e63_0,L1,L1,,0,WRONG,WRONG,WRONG,0,0,INSUFFICIENT,SUFFICIENT,INSUFFICIENT,SUFFICIENT,JUDGE_DISAGREEMENT,JUDGE_DISAGREEMENT
p_q_ba4e488d_2,L2,miss_rejected,REJECT,1,WRONG,WRONG,WRONG,0,0,INSUFFICIENT,SUFFICIENT,SUFFICIENT,INSUFFICIENT,JUDGE_DISAGREEMENT,JUDGE_DISAGREEMENT
p_q_c685de49_3,miss,L2,ACCEPT,1,WRONG,WRONG,WRONG,0,0,SUFFICIENT,INSUFFICIENT,SUFFICIENT,INSUFFICIENT,JUDGE_DISAGREEMENT,JUDGE_DISAGREEMENT
p_q_aca03251_3,miss,miss_rejected,REJECT,1,WRONG,WRONG,WRONG,0,0,INSUFFICIENT,INSUFFICIENT,INSUFFICIENT,INSUFFICIENT,INSUFFICIENT,INSUFFICIENT
p_q_f070a7a3_3,L2,miss_rejected,REJECT,1,WRONG,WRONG,WRONG,0,0,INSUFFICIENT,INSUFFICIENT,INSUFFICIENT,INSUFFICIENT,INSUFFICIENT,INSUFFICIENT
p_q_bd3daa9d_0,L2,L2,ACCEPT,0,CORRECT,CORRECT,CORRECT,0,0,SUFFICIENT,INSUFFICIENT,SUFFICIENT,INSUFFICIENT,JUDGE_DISAGREEMENT,JUDGE_DISAGREEMENT
p_q_5b859382_2,L2,miss_rejected,REJECT,1,WRONG,WRONG,WRONG,0,0,INSUFFICIENT,INSUFFICIENT,INSUFFICIENT,INSUFFICIENT,INSUFFICIENT,INSUFFICIENT
p_q_5abb871e_2,L2,L2,ACCEPT,0,CORRECT,WRONG,WRONG,1,1,INSUFFICIENT,INSUFFICIENT,INSUFFICIENT,INSUFFICIENT,INSUFFICIENT,INSUFFICIENT
p_q_1ff720ce_2,L2,miss_rejected,REJECT,1,WRONG,WRONG,WRONG,0,0,INSUFFICIENT,INSUFFICIENT,INSUFFICIENT,INSUFFICIENT,INSUFFICIENT,INSUFFICIENT
p_q_261a287e_0,miss,miss_rejected,REJECT,1,WRONG,WRONG,WRONG,0,0,SUFFICIENT,SUFFICIENT,SUFFICIENT,SUFFICIENT,SUFFICIENT,SUFFICIENT
p_q_5ee0c56a_2,L2,miss_rejected,REJECT,1,WRONG,WRONG,WRONG,0,0,INSUFFICIENT,INSUFFICIENT,INSUFFICIENT,INSUFFICIENT,INSUFFICIENT,INSUFFICIENT
p_q_e619abe5_1,miss,miss_rejected,REJECT,1,CORRECT,CORRECT,CORRECT,0,0,INSUFFICIENT,SUFFICIENT,INSUFFICIENT,SUFFICIENT,JUDGE_DISAGREEMENT,JUDGE_DISAGREEMENT
p_q_4e2929ec_0,L2,miss_rejected,REJECT,1,CORRECT,CORRECT,CORRECT,0,0,INSUFFICIENT,INSUFFICIENT,INSUFFICIENT,INSUFFICIENT,INSUFFICIENT,INSUFFICIENT
p_q_7dd95f30_3,L2,L2,ACCEPT,0,WRONG,WRONG,WRONG,0,0,SUFFICIENT,INSUFFICIENT,SUFFICIENT,INSUFFICIENT,JUDGE_DISAGREEMENT,JUDGE_DISAGREEMENT
p_q_0862570f_2,L2,L2,ACCEPT,0,WRONG,WRONG,WRONG,0,0,SUFFICIENT,SUFFICIENT,SUFFICIENT,SUFFICIENT,SUFFICIENT,SUFFICIENT
p_q_5e06e717_3,L2,L2,ACCEPT,0,CORRECT,CORRECT,CORRECT,0,0,SUFFICIENT,INSUFFICIENT,SUFFICIENT,INSUFFICIENT,JUDGE_DISAGREEMENT,JUDGE_DISAGREEMENT
p_q_36e2eae5_1,L2,miss_rejected,REJECT,1,CORRECT,CORRECT,CORRECT,0,0,SUFFICIENT,SUFFICIENT,SUFFICIENT,SUFFICIENT,SUFFICIENT,SUFFICIENT
p_q_eb7ff4b6_1,L2,L2,ACCEPT,0,WRONG,WRONG,WRONG,0,0,INSUFFICIENT,INSUFFICIENT,INSUFFICIENT,INSUFFICIENT,INSUFFICIENT,INSUFFICIENT
p_q_fc04cade_2,L2,L2,ACCEPT,0,WRONG,WRONG,WRONG,0,0,SUFFICIENT,SUFFICIENT,SUFFICIENT,SUFFICIENT,SUFFICIENT,SUFFICIENT
p_q_379e630f_3,L2,L2,ACCEPT,0,WRONG,WRONG,WRONG,0,0,SUFFICIENT,SUFFICIENT,SUFFICIENT,SUFFICIENT,SUFFICIENT,SUFFICIENT
p_q_8dc147d0_0,L2,miss_rejected,REJECT,1,WRONG,WRONG,WRONG,0,0,INSUFFICIENT,INSUFFICIENT,INSUFFICIENT,INSUFFICIENT,INSUFFICIENT,INSUFFICIENT
p_q_ecea34ae_3,L2,L2,ACCEPT,0,WRONG,WRONG,WRONG,0,0,INSUFFICIENT,INSUFFICIENT,INSUFFICIENT,INSUFFICIENT,INSUFFICIENT,INSUFFICIENT
p_q_8d51049f_1,L2,miss_rejected,REJECT,1,WRONG,WRONG,WRONG,0,0,INSUFFICIENT,INSUFFICIENT,INSUFFICIENT,INSUFFICIENT,INSUFFICIENT,INSUFFICIENT
p_q_eed8ece1_3,L2,L2,ACCEPT,1,WRONG,WRONG,WRONG,0,0,SUFFICIENT,SUFFICIENT,SUFFICIENT,SUFFICIENT,SUFFICIENT,SUFFICIENT
p_q_03f72c57_0,L2,L2,ACCEPT,1,WRONG,WRONG,WRONG,0,0,INSUFFICIENT,INSUFFICIENT,SUFFICIENT,INSUFFICIENT,INSUFFICIENT,JUDGE_DISAGREEMENT
p_q_424c03e3_2,miss,miss,,1,WRONG,WRONG,WRONG,0,0,INSUFFICIENT,INSUFFICIENT,INSUFFICIENT,INSUFFICIENT,INSUFFICIENT,INSUFFICIENT
p_q_63a44892_2,miss,L2,ACCEPT,1,WRONG,WRONG,WRONG,0,0,INSUFFICIENT,INSUFFICIENT,SUFFICIENT,INSUFFICIENT,INSUFFICIENT,JUDGE_DISAGREEMENT
p_q_e63f6e9e_3,miss,miss,,0,WRONG,WRONG,WRONG,0,0,INSUFFICIENT,SUFFICIENT,INSUFFICIENT,SUFFICIENT,JUDGE_DISAGREEMENT,JUDGE_DISAGREEMENT
p_q_ffc74be2_1,miss,miss,,0,WRONG,WRONG,WRONG,0,0,SUFFICIENT,SUFFICIENT,SUFFICIENT,SUFFICIENT,SUFFICIENT,SUFFICIENT
p_q_8bfaeff4_2,L2,L2,ACCEPT,0,WRONG,WRONG,WRONG,0,0,SUFFICIENT,SUFFICIENT,SUFFICIENT,SUFFICIENT,SUFFICIENT,SUFFICIENT
p_q_b6e5a108_0,L2,L2,ACCEPT,0,WRONG,WRONG,WRONG,0,0,SUFFICIENT,INSUFFICIENT,SUFFICIENT,INSUFFICIENT,JUDGE_DISAGREEMENT,JUDGE_DISAGREEMENT
p_q_2053c0d3_3,L2,L2,ACCEPT,0,CORRECT,CORRECT,CORRECT,0,0,SUFFICIENT,INSUFFICIENT,SUFFICIENT,INSUFFICIENT,JUDGE_DISAGREEMENT,JUDGE_DISAGREEMENT
p_q_25a74024_0,miss,miss,,0,CORRECT,CORRECT,CORRECT,0,0,SUFFICIENT,INSUFFICIENT,SUFFICIENT,INSUFFICIENT,JUDGE_DISAGREEMENT,JUDGE_DISAGREEMENT
p_q_d3e5ec72_3,L2,miss_rejected,REJECT,1,CORRECT,CORRECT,CORRECT,0,0,SUFFICIENT,SUFFICIENT,SUFFICIENT,SUFFICIENT,SUFFICIENT,SUFFICIENT
p_q_02819f41_3,L2,L2,ACCEPT,0,CORRECT,CORRECT,CORRECT,0,0,INSUFFICIENT,INSUFFICIENT,INSUFFICIENT,INSUFFICIENT,INSUFFICIENT,INSUFFICIENT
p_q_f1c6af26_3,L2,L2,ACCEPT,0,WRONG,WRONG,WRONG,0,0,SUFFICIENT,SUFFICIENT,SUFFICIENT,SUFFICIENT,SUFFICIENT,SUFFICIENT
p_q_8fb47752_2,miss,miss_rejected,REJECT,1,WRONG,WRONG,WRONG,0,0,SUFFICIENT,SUFFICIENT,SUFFICIENT,SUFFICIENT,SUFFICIENT,SUFFICIENT
p_q_7a065d8f_1,L2,L2,ACCEPT,0,WRONG,WRONG,WRONG,0,0,SUFFICIENT,SUFFICIENT,SUFFICIENT,SUFFICIENT,SUFFICIENT,SUFFICIENT
p_q_2fafc2f1_0,L2,L2,ACCEPT,0,WRONG,WRONG,WRONG,0,0,SUFFICIENT,SUFFICIENT,SUFFICIENT,SUFFICIENT,SUFFICIENT,SUFFICIENT
p_q_4882dc27_3,L2,L2,ACCEPT,0,WRONG,WRONG,WRONG,0,0,SUFFICIENT,SUFFICIENT,SUFFICIENT,SUFFICIENT,SUFFICIENT,SUFFICIENT
p_q_e4dd7c4d_0,L2,miss_rejected,REJECT,1,WRONG,WRONG,WRONG,0,0,INSUFFICIENT,INSUFFICIENT,INSUFFICIENT,INSUFFICIENT,INSUFFICIENT,INSUFFICIENT
p_q_adf4be31_0,L2,L2,ACCEPT,0,WRONG,WRONG,WRONG,0,0,SUFFICIENT,INSUFFICIENT,SUFFICIENT,INSUFFICIENT,JUDGE_DISAGREEMENT,JUDGE_DISAGREEMENT
p_q_ecea34ae_0,L2,L2,ACCEPT,0,WRONG,WRONG,WRONG,0,0,INSUFFICIENT,INSUFFICIENT,INSUFFICIENT,INSUFFICIENT,INSUFFICIENT,INSUFFICIENT
p_q_0c7e44a5_0,L2,L2,ACCEPT,0,WRONG,WRONG,WRONG,0,0,SUFFICIENT,SUFFICIENT,SUFFICIENT,SUFFICIENT,SUFFICIENT,SUFFICIENT
p_q_37fa4f89_0,L2,miss_rejected,REJECT,1,WRONG,WRONG,WRONG,0,0,INSUFFICIENT,INSUFFICIENT,SUFFICIENT,SUFFICIENT,INSUFFICIENT,SUFFICIENT
p_q_8892bc4b_2,L1,L1,,0,WRONG,WRONG,WRONG,0,0,INSUFFICIENT,INSUFFICIENT,INSUFFICIENT,INSUFFICIENT,INSUFFICIENT,INSUFFICIENT
p_q_7be67437_0,L2,L2,ACCEPT,1,WRONG,WRONG,WRONG,0,0,INSUFFICIENT,INSUFFICIENT,SUFFICIENT,SUFFICIENT,INSUFFICIENT,SUFFICIENT
p_q_36e2eae5_2,L2,miss_rejected,REJECT,1,CORRECT,CORRECT,CORRECT,0,0,SUFFICIENT,SUFFICIENT,SUFFICIENT,SUFFICIENT,SUFFICIENT,SUFFICIENT
p_q_3cae62d9_1,L2,miss_rejected,REJECT,1,CORRECT,CORRECT,CORRECT,0,0,INSUFFICIENT,INSUFFICIENT,INSUFFICIENT,INSUFFICIENT,INSUFFICIENT,INSUFFICIENT
p_q_baf11e36_2,L2,L2,ACCEPT,0,WRONG,WRONG,WRONG,0,0,SUFFICIENT,SUFFICIENT,SUFFICIENT,SUFFICIENT,SUFFICIENT,SUFFICIENT
p_q_2e0c6ace_2,L2,L2,ACCEPT,0,WRONG,WRONG,WRONG,0,0,SUFFICIENT,SUFFICIENT,SUFFICIENT,SUFFICIENT,SUFFICIENT,SUFFICIENT
p_q_593f6d73_3,L2,L2,ACCEPT,0,WRONG,WRONG,WRONG,0,0,INSUFFICIENT,INSUFFICIENT,INSUFFICIENT,INSUFFICIENT,INSUFFICIENT,INSUFFICIENT
p_q_dd9fd589_2,L2,L2,ACCEPT,0,WRONG,WRONG,WRONG,0,0,SUFFICIENT,INSUFFICIENT,SUFFICIENT,INSUFFICIENT,JUDGE_DISAGREEMENT,JUDGE_DISAGREEMENT
p_q_69f7cd76_3,L2,L2,ACCEPT_UNSCORED,1,WRONG,WRONG,WRONG,0,0,SUFFICIENT,SUFFICIENT,INSUFFICIENT,INSUFFICIENT,SUFFICIENT,INSUFFICIENT
q_efe174f0,miss,miss,,0,WRONG,WRONG,WRONG,0,0,INSUFFICIENT,INSUFFICIENT,INSUFFICIENT,INSUFFICIENT,INSUFFICIENT,INSUFFICIENT
q_14993a2f,L2,L2,ACCEPT,0,WRONG,WRONG,WRONG,0,0,SUFFICIENT,INSUFFICIENT,SUFFICIENT,INSUFFICIENT,JUDGE_DISAGREEMENT,JUDGE_DISAGREEMENT
q_7c0a6cba,L2,miss_rejected,REJECT,1,WRONG,WRONG,WRONG,0,0,INSUFFICIENT,INSUFFICIENT,SUFFICIENT,SUFFICIENT,INSUFFICIENT,SUFFICIENT
q_63a44892,miss,miss,,0,WRONG,WRONG,WRONG,0,0,INSUFFICIENT,INSUFFICIENT,INSUFFICIENT,INSUFFICIENT,INSUFFICIENT,INSUFFICIENT
q_cad562c6,miss,miss,,0,CORRECT,CORRECT,CORRECT,0,0,SUFFICIENT,SUFFICIENT,SUFFICIENT,SUFFICIENT,SUFFICIENT,SUFFICIENT
q_617ac749,miss,miss,,0,WRONG,WRONG,WRONG,0,0,SUFFICIENT,SUFFICIENT,SUFFICIENT,SUFFICIENT,SUFFICIENT,SUFFICIENT
q_91fe9bbc,L2,miss_rejected,REJECT,1,CORRECT,CORRECT,CORRECT,0,0,INSUFFICIENT,INSUFFICIENT,SUFFICIENT,SUFFICIENT,INSUFFICIENT,SUFFICIENT
q_3ee7411d,L2,miss_rejected,REJECT,1,WRONG,WRONG,WRONG,0,0,INSUFFICIENT,INSUFFICIENT,SUFFICIENT,SUFFICIENT,INSUFFICIENT,SUFFICIENT
q_a8f577f5,L2,miss_rejected,REJECT,1,CORRECT,WRONG,CORRECT,1,0,INSUFFICIENT,INSUFFICIENT,SUFFICIENT,SUFFICIENT,INSUFFICIENT,SUFFICIENT
q_6aed1558,miss,miss,,0,CORRECT,CORRECT,CORRECT,0,0,SUFFICIENT,SUFFICIENT,SUFFICIENT,SUFFICIENT,SUFFICIENT,SUFFICIENT
q_a1c19e16,miss,miss,,0,CORRECT,CORRECT,CORRECT,0,0,SUFFICIENT,SUFFICIENT,SUFFICIENT,SUFFICIENT,SUFFICIENT,SUFFICIENT
q_cc86e7a2,miss,miss,,0,WRONG,WRONG,WRONG,0,0,SUFFICIENT,SUFFICIENT,SUFFICIENT,SUFFICIENT,SUFFICIENT,SUFFICIENT
q_f93213af,L2,miss_rejected,REJECT,1,CORRECT,WRONG,CORRECT,1,0,INSUFFICIENT,INSUFFICIENT,SUFFICIENT,SUFFICIENT,INSUFFICIENT,SUFFICIENT
q_7dd95f30,miss,miss,,0,CORRECT,CORRECT,CORRECT,0,0,SUFFICIENT,SUFFICIENT,SUFFICIENT,SUFFICIENT,SUFFICIENT,SUFFICIENT
p_q_9432e97c_0,miss,miss,,0,WRONG,WRONG,WRONG,0,0,SUFFICIENT,INSUFFICIENT,SUFFICIENT,INSUFFICIENT,JUDGE_DISAGREEMENT,JUDGE_DISAGREEMENT
p_q_fd2b644e_0,miss,miss,,0,WRONG,WRONG,WRONG,0,0,SUFFICIENT,SUFFICIENT,SUFFICIENT,SUFFICIENT,SUFFICIENT,SUFFICIENT
p_q_008dbbf5_1,miss,miss,,0,CORRECT,CORRECT,CORRECT,0,0,SUFFICIENT,INSUFFICIENT,SUFFICIENT,INSUFFICIENT,JUDGE_DISAGREEMENT,JUDGE_DISAGREEMENT
p_q_cff65f30_2,miss,miss,,0,WRONG,WRONG,WRONG,0,0,SUFFICIENT,SUFFICIENT,SUFFICIENT,SUFFICIENT,SUFFICIENT,SUFFICIENT
p_q_fc47ce8e_3,miss,miss,,0,CORRECT,CORRECT,CORRECT,0,0,SUFFICIENT,INSUFFICIENT,SUFFICIENT,INSUFFICIENT,JUDGE_DISAGREEMENT,JUDGE_DISAGREEMENT
p_q_b6529205_3,miss,miss,,0,WRONG,WRONG,WRONG,0,0,INSUFFICIENT,INSUFFICIENT,INSUFFICIENT,INSUFFICIENT,INSUFFICIENT,INSUFFICIENT
p_q_8f04e897_0,miss,miss,,0,WRONG,WRONG,WRONG,0,0,INSUFFICIENT,INSUFFICIENT,INSUFFICIENT,INSUFFICIENT,INSUFFICIENT,INSUFFICIENT
p_q_9ffc1ed9_0,miss,miss,,0,WRONG,WRONG,WRONG,0,0,INSUFFICIENT,INSUFFICIENT,INSUFFICIENT,INSUFFICIENT,INSUFFICIENT,INSUFFICIENT
p_q_6e543930_1,miss,miss,,0,WRONG,WRONG,WRONG,0,0,INSUFFICIENT,INSUFFICIENT,INSUFFICIENT,INSUFFICIENT,INSUFFICIENT,INSUFFICIENT
p_q_f618e806_2,miss,miss,,0,WRONG,WRONG,WRONG,0,0,INSUFFICIENT,INSUFFICIENT,INSUFFICIENT,INSUFFICIENT,INSUFFICIENT,INSUFFICIENT
p_q_c9965b56_2,miss,miss,,0,WRONG,WRONG,WRONG,0,0,INSUFFICIENT,INSUFFICIENT,INSUFFICIENT,INSUFFICIENT,INSUFFICIENT,INSUFFICIENT
p_q_35e41392_1,miss,miss,,0,CORRECT,CORRECT,CORRECT,0,0,SUFFICIENT,SUFFICIENT,SUFFICIENT,SUFFICIENT,SUFFICIENT,SUFFICIENT
p_q_83e37c6e_2,miss,miss,,0,WRONG,WRONG,WRONG,0,0,INSUFFICIENT,INSUFFICIENT,INSUFFICIENT,INSUFFICIENT,INSUFFICIENT,INSUFFICIENT
p_q_9f07f1e2_3,miss,miss,,0,WRONG,WRONG,WRONG,0,0,INSUFFICIENT,INSUFFICIENT,INSUFFICIENT,INSUFFICIENT,INSUFFICIENT,INSUFFICIENT
p_q_3a68f125_0,L2,miss_rejected,REJECT,1,CORRECT,CORRECT,CORRECT,0,0,SUFFICIENT,INSUFFICIENT,SUFFICIENT,INSUFFICIENT,JUDGE_DISAGREEMENT,JUDGE_DISAGREEMENT
p_q_2ba29c4f_0,L2,miss_rejected,REJECT,1,WRONG,WRONG,WRONG,0,0,INSUFFICIENT,INSUFFICIENT,INSUFFICIENT,INSUFFICIENT,INSUFFICIENT,INSUFFICIENT
p_q_3122ceda_0,L2,L2,ACCEPT,0,CORRECT,CORRECT,CORRECT,0,0,SUFFICIENT,SUFFICIENT,SUFFICIENT,SUFFICIENT,SUFFICIENT,SUFFICIENT
p_q_2db8b371_3,L2,miss_rejected,REJECT,1,CORRECT,CORRECT,CORRECT,0,0,SUFFICIENT,SUFFICIENT,SUFFICIENT,SUFFICIENT,SUFFICIENT,SUFFICIENT
p_q_8ea4bd29_2,L2,L2,ACCEPT,0,WRONG,WRONG,WRONG,0,0,SUFFICIENT,SUFFICIENT,SUFFICIENT,SUFFICIENT,SUFFICIENT,SUFFICIENT
p_q_a867a828_1,L2,L2,ACCEPT,0,WRONG,WRONG,WRONG,0,0,SUFFICIENT,INSUFFICIENT,SUFFICIENT,INSUFFICIENT,JUDGE_DISAGREEMENT,JUDGE_DISAGREEMENT
p_q_e5feb4c8_0,L2,miss_rejected,REJECT,1,WRONG,WRONG,WRONG,0,0,INSUFFICIENT,INSUFFICIENT,INSUFFICIENT,INSUFFICIENT,INSUFFICIENT,INSUFFICIENT
p_q_86cdf888_2,L2,L2,ACCEPT,0,CORRECT,CORRECT,CORRECT,0,0,INSUFFICIENT,INSUFFICIENT,INSUFFICIENT,INSUFFICIENT,INSUFFICIENT,INSUFFICIENT
p_q_4efb2d83_3,L2,L2,ACCEPT,0,CORRECT,CORRECT,CORRECT,0,0,SUFFICIENT,SUFFICIENT,SUFFICIENT,SUFFICIENT,SUFFICIENT,SUFFICIENT
p_q_5cb9d6ad_2,L2,miss_rejected,REJECT,1,CORRECT,CORRECT,CORRECT,0,0,INSUFFICIENT,INSUFFICIENT,INSUFFICIENT,INSUFFICIENT,INSUFFICIENT,INSUFFICIENT
p_q_bbdfff0f_2,L2,miss_rejected,REJECT,1,WRONG,WRONG,WRONG,0,0,SUFFICIENT,SUFFICIENT,SUFFICIENT,SUFFICIENT,SUFFICIENT,SUFFICIENT
p_q_90cb856a_3,L2,L2,ACCEPT,0,WRONG,WRONG,WRONG,0,0,SUFFICIENT,INSUFFICIENT,SUFFICIENT,INSUFFICIENT,JUDGE_DISAGREEMENT,JUDGE_DISAGREEMENT
p_q_7a2157d8_3,L2,L2,ACCEPT,0,CORRECT,CORRECT,CORRECT,0,0,SUFFICIENT,SUFFICIENT,SUFFICIENT,SUFFICIENT,SUFFICIENT,SUFFICIENT
p_q_cb9cc202_0,L2,L2,ACCEPT,0,CORRECT,CORRECT,CORRECT,0,0,SUFFICIENT,INSUFFICIENT,SUFFICIENT,INSUFFICIENT,JUDGE_DISAGREEMENT,JUDGE_DISAGREEMENT
p_q_c6b40080_1,L2,miss_rejected,REJECT,1,CORRECT,CORRECT,CORRECT,0,0,SUFFICIENT,SUFFICIENT,SUFFICIENT,SUFFICIENT,SUFFICIENT,SUFFICIENT
p_q_df1576bb_1,L2,miss_rejected,REJECT,1,WRONG,WRONG,WRONG,0,0,SUFFICIENT,INSUFFICIENT,SUFFICIENT,INSUFFICIENT,JUDGE_DISAGREEMENT,JUDGE_DISAGREEMENT
p_q_2a87233c_3,L2,miss_rejected,REJECT,1,CORRECT,CORRECT,CORRECT,0,0,INSUFFICIENT,INSUFFICIENT,INSUFFICIENT,INSUFFICIENT,INSUFFICIENT,INSUFFICIENT
p_q_dbf0307d_2,L2,L2,ACCEPT,0,WRONG,WRONG,WRONG,0,0,SUFFICIENT,SUFFICIENT,SUFFICIENT,SUFFICIENT,SUFFICIENT,SUFFICIENT
p_q_3484eada_3,L2,L2,ACCEPT,0,WRONG,WRONG,WRONG,0,0,INSUFFICIENT,INSUFFICIENT,INSUFFICIENT,INSUFFICIENT,INSUFFICIENT,INSUFFICIENT
p_q_b38e651d_3,L2,miss_rejected,REJECT,1,WRONG,WRONG,WRONG,0,0,INSUFFICIENT,INSUFFICIENT,INSUFFICIENT,INSUFFICIENT,INSUFFICIENT,INSUFFICIENT
p_q_c9965b56_3,L2,miss_rejected,REJECT,1,WRONG,WRONG,WRONG,0,0,INSUFFICIENT,INSUFFICIENT,INSUFFICIENT,INSUFFICIENT,INSUFFICIENT,INSUFFICIENT
p_q_8f04e897_1,L2,L2,ACCEPT,0,WRONG,WRONG,WRONG,0,0,SUFFICIENT,SUFFICIENT,SUFFICIENT,SUFFICIENT,SUFFICIENT,SUFFICIENT
p_q_bc586d32_0,L2,L2,ACCEPT,0,WRONG,WRONG,WRONG,0,0,INSUFFICIENT,INSUFFICIENT,INSUFFICIENT,INSUFFICIENT,INSUFFICIENT,INSUFFICIENT
p_q_ddf45443_3,L2,miss_rejected,REJECT,1,CORRECT,CORRECT,CORRECT,0,0,SUFFICIENT,SUFFICIENT,SUFFICIENT,SUFFICIENT,SUFFICIENT,SUFFICIENT
p_q_52507e09_0,L2,miss_rejected,REJECT,1,WRONG,WRONG,WRONG,0,0,SUFFICIENT,SUFFICIENT,SUFFICIENT,SUFFICIENT,SUFFICIENT,SUFFICIENT
p_q_30cbc023_2,L2,miss_rejected,REJECT,1,CORRECT,CORRECT,CORRECT,0,0,INSUFFICIENT,SUFFICIENT,INSUFFICIENT,SUFFICIENT,JUDGE_DISAGREEMENT,JUDGE_DISAGREEMENT
p_q_50abcf1d_0,L2,miss_rejected,REJECT,1,CORRECT,CORRECT,CORRECT,0,0,INSUFFICIENT,INSUFFICIENT,INSUFFICIENT,INSUFFICIENT,INSUFFICIENT,INSUFFICIENT
p_q_2d02fb45_2,L2,L2,ACCEPT,0,CORRECT,CORRECT,CORRECT,0,0,SUFFICIENT,SUFFICIENT,SUFFICIENT,SUFFICIENT,SUFFICIENT,SUFFICIENT
p_q_746185c8_2,L2,miss_rejected,REJECT,1,WRONG,WRONG,WRONG,0,0,INSUFFICIENT,INSUFFICIENT,INSUFFICIENT,INSUFFICIENT,INSUFFICIENT,INSUFFICIENT
p_q_bf2150c7_3,L2,miss_rejected,REJECT,1,CORRECT,CORRECT,CORRECT,0,0,SUFFICIENT,SUFFICIENT,SUFFICIENT,SUFFICIENT,SUFFICIENT,SUFFICIENT
p_q_2d2c3ec0_0,L2,L2,ACCEPT,0,WRONG,WRONG,WRONG,0,0,SUFFICIENT,SUFFICIENT,SUFFICIENT,SUFFICIENT,SUFFICIENT,SUFFICIENT
p_q_98d7f7da_2,L1,L1,,0,CORRECT,CORRECT,CORRECT,0,0,SUFFICIENT,SUFFICIENT,SUFFICIENT,SUFFICIENT,SUFFICIENT,SUFFICIENT
p_q_2d02fb45_1,L2,L2,ACCEPT,0,CORRECT,CORRECT,CORRECT,0,0,SUFFICIENT,SUFFICIENT,SUFFICIENT,SUFFICIENT,SUFFICIENT,SUFFICIENT
p_q_384b354b_0,L2,miss_rejected,REJECT,1,WRONG,WRONG,WRONG,0,0,INSUFFICIENT,INSUFFICIENT,INSUFFICIENT,INSUFFICIENT,INSUFFICIENT,INSUFFICIENT
p_q_e3c14282_1,L1,L1,,0,CORRECT,CORRECT,CORRECT,0,0,SUFFICIENT,SUFFICIENT,SUFFICIENT,SUFFICIENT,SUFFICIENT,SUFFICIENT
p_q_41540d4e_2,L2,L2,ACCEPT,0,CORRECT,CORRECT,CORRECT,0,0,SUFFICIENT,SUFFICIENT,SUFFICIENT,SUFFICIENT,SUFFICIENT,SUFFICIENT
p_q_885ecd41_0,L2,L2,ACCEPT,0,WRONG,WRONG,WRONG,0,0,SUFFICIENT,SUFFICIENT,SUFFICIENT,SUFFICIENT,SUFFICIENT,SUFFICIENT
p_q_8c58ce9c_2,L2,miss_rejected,REJECT,1,WRONG,WRONG,WRONG,0,0,SUFFICIENT,SUFFICIENT,SUFFICIENT,SUFFICIENT,SUFFICIENT,SUFFICIENT
p_q_f1b1aa68_1,L2,L2,ACCEPT,0,WRONG,WRONG,WRONG,0,0,SUFFICIENT,SUFFICIENT,SUFFICIENT,SUFFICIENT,SUFFICIENT,SUFFICIENT
p_q_371cd160_2,L2,L2,ACCEPT,0,WRONG,WRONG,WRONG,0,0,SUFFICIENT,SUFFICIENT,SUFFICIENT,SUFFICIENT,SUFFICIENT,SUFFICIENT
p_q_f3e7fb13_1,L2,miss_rejected,REJECT,1,WRONG,WRONG,WRONG,0,0,SUFFICIENT,SUFFICIENT,SUFFICIENT,SUFFICIENT,SUFFICIENT,SUFFICIENT
p_q_bff7ff01_1,L2,L2,ACCEPT,0,CORRECT,CORRECT,CORRECT,0,0,SUFFICIENT,SUFFICIENT,SUFFICIENT,SUFFICIENT,SUFFICIENT,SUFFICIENT
p_q_06c15fe9_1,L2,L2,ACCEPT,0,CORRECT,CORRECT,CORRECT,0,0,INSUFFICIENT,SUFFICIENT,INSUFFICIENT,SUFFICIENT,JUDGE_DISAGREEMENT,JUDGE_DISAGREEMENT
p_q_b8ddab89_3,L2,L2,ACCEPT,0,CORRECT,CORRECT,CORRECT,0,0,SUFFICIENT,SUFFICIENT,SUFFICIENT,SUFFICIENT,SUFFICIENT,SUFFICIENT
p_q_3582cba5_1,L2,miss_rejected,REJECT,1,CORRECT,CORRECT,CORRECT,0,0,INSUFFICIENT,SUFFICIENT,INSUFFICIENT,SUFFICIENT,JUDGE_DISAGREEMENT,JUDGE_DISAGREEMENT
p_q_3b2d2b15_1,L2,miss_rejected,REJECT,1,WRONG,WRONG,WRONG,0,0,INSUFFICIENT,INSUFFICIENT,INSUFFICIENT,INSUFFICIENT,INSUFFICIENT,INSUFFICIENT
p_q_829bbe74_0,L2,L2,ACCEPT,0,WRONG,WRONG,WRONG,0,0,SUFFICIENT,SUFFICIENT,SUFFICIENT,SUFFICIENT,SUFFICIENT,SUFFICIENT
p_q_4deb87ba_3,L2,L2,ACCEPT,0,CORRECT,CORRECT,CORRECT,0,0,INSUFFICIENT,SUFFICIENT,INSUFFICIENT,SUFFICIENT,JUDGE_DISAGREEMENT,JUDGE_DISAGREEMENT
p_q_450041cf_2,L2,L2,ACCEPT,0,CORRECT,CORRECT,CORRECT,0,0,SUFFICIENT,SUFFICIENT,SUFFICIENT,SUFFICIENT,SUFFICIENT,SUFFICIENT
p_q_3853dba1_0,L2,miss_rejected,REJECT,1,WRONG,WRONG,WRONG,0,0,SUFFICIENT,SUFFICIENT,SUFFICIENT,SUFFICIENT,SUFFICIENT,SUFFICIENT
p_q_a4aacc0f_1,L1,L1,,0,CORRECT,CORRECT,CORRECT,0,0,INSUFFICIENT,SUFFICIENT,INSUFFICIENT,SUFFICIENT,JUDGE_DISAGREEMENT,JUDGE_DISAGREEMENT
p_q_3dd86b7b_2,L2,miss_rejected,REJECT,1,WRONG,WRONG,WRONG,0,0,INSUFFICIENT,INSUFFICIENT,INSUFFICIENT,INSUFFICIENT,INSUFFICIENT,INSUFFICIENT
p_q_21593fd1_3,L2,miss_rejected,REJECT,1,CORRECT,CORRECT,CORRECT,0,0,INSUFFICIENT,SUFFICIENT,INSUFFICIENT,SUFFICIENT,JUDGE_DISAGREEMENT,JUDGE_DISAGREEMENT
p_q_ac141dc0_1,L1,L1,,0,CORRECT,CORRECT,CORRECT,0,0,SUFFICIENT,SUFFICIENT,SUFFICIENT,SUFFICIENT,SUFFICIENT,SUFFICIENT
p_q_3b2665fb_0,L2,L2,ACCEPT,0,CORRECT,CORRECT,CORRECT,0,0,SUFFICIENT,SUFFICIENT,SUFFICIENT,SUFFICIENT,SUFFICIENT,SUFFICIENT
p_q_bad81eda_3,L2,L2,ACCEPT,0,CORRECT,CORRECT,CORRECT,0,0,SUFFICIENT,SUFFICIENT,SUFFICIENT,SUFFICIENT,SUFFICIENT,SUFFICIENT
p_q_87ca114c_2,L2,L2,ACCEPT,0,CORRECT,CORRECT,CORRECT,0,0,SUFFICIENT,SUFFICIENT,SUFFICIENT,SUFFICIENT,SUFFICIENT,SUFFICIENT
p_q_bd3621d0_0,L2,L2,ACCEPT,0,CORRECT,CORRECT,CORRECT,0,0,SUFFICIENT,SUFFICIENT,SUFFICIENT,SUFFICIENT,SUFFICIENT,SUFFICIENT
p_q_f618e806_0,L2,L2,ACCEPT,0,CORRECT,CORRECT,CORRECT,0,0,SUFFICIENT,SUFFICIENT,SUFFICIENT,SUFFICIENT,SUFFICIENT,SUFFICIENT
p_q_cd6b4ea7_1,L2,miss_rejected,REJECT,1,WRONG,WRONG,WRONG,0,0,INSUFFICIENT,INSUFFICIENT,INSUFFICIENT,INSUFFICIENT,INSUFFICIENT,INSUFFICIENT
p_q_44d9dff7_3,L2,miss_rejected,REJECT,1,CORRECT,CORRECT,CORRECT,0,0,SUFFICIENT,SUFFICIENT,SUFFICIENT,SUFFICIENT,SUFFICIENT,SUFFICIENT
p_q_f7de9f4e_0,L2,L2,ACCEPT,0,CORRECT,CORRECT,CORRECT,0,0,SUFFICIENT,SUFFICIENT,SUFFICIENT,SUFFICIENT,SUFFICIENT,SUFFICIENT
p_q_e32d9c63_3,L2,L2,ACCEPT,0,WRONG,WRONG,WRONG,0,0,SUFFICIENT,INSUFFICIENT,SUFFICIENT,INSUFFICIENT,JUDGE_DISAGREEMENT,JUDGE_DISAGREEMENT
p_q_0263c2b0_2,L1,L1,,0,CORRECT,CORRECT,CORRECT,0,0,INSUFFICIENT,INSUFFICIENT,INSUFFICIENT,INSUFFICIENT,INSUFFICIENT,INSUFFICIENT
p_q_96b1bf1a_1,L2,L2,ACCEPT,0,WRONG,WRONG,WRONG,0,0,SUFFICIENT,SUFFICIENT,SUFFICIENT,SUFFICIENT,SUFFICIENT,SUFFICIENT
p_q_bd9e6870_0,L2,L2,ACCEPT,0,CORRECT,CORRECT,CORRECT,0,0,SUFFICIENT,SUFFICIENT,SUFFICIENT,SUFFICIENT,SUFFICIENT,SUFFICIENT
p_q_c83007d1_2,L2,L2,ACCEPT,0,CORRECT,CORRECT,CORRECT,0,0,SUFFICIENT,SUFFICIENT,SUFFICIENT,SUFFICIENT,SUFFICIENT,SUFFICIENT
p_q_23265c46_2,L2,L2,ACCEPT,0,CORRECT,CORRECT,CORRECT,0,0,SUFFICIENT,INSUFFICIENT,SUFFICIENT,INSUFFICIENT,JUDGE_DISAGREEMENT,JUDGE_DISAGREEMENT
p_q_cd2a5fda_2,L2,L2,ACCEPT,0,WRONG,WRONG,WRONG,0,0,SUFFICIENT,SUFFICIENT,SUFFICIENT,SUFFICIENT,SUFFICIENT,SUFFICIENT
p_q_df76af12_0,L2,miss_rejected,REJECT,1,WRONG,WRONG,WRONG,0,0,INSUFFICIENT,INSUFFICIENT,INSUFFICIENT,INSUFFICIENT,INSUFFICIENT,INSUFFICIENT
q_32711fba,miss,miss,,0,WRONG,WRONG,WRONG,0,0,INSUFFICIENT,SUFFICIENT,INSUFFICIENT,SUFFICIENT,JUDGE_DISAGREEMENT,JUDGE_DISAGREEMENT
q_10c25152,miss,miss,,0,CORRECT,CORRECT,CORRECT,0,0,SUFFICIENT,SUFFICIENT,SUFFICIENT,SUFFICIENT,SUFFICIENT,SUFFICIENT
q_e7deca78,miss,miss,,0,CORRECT,CORRECT,CORRECT,0,0,INSUFFICIENT,SUFFICIENT,INSUFFICIENT,SUFFICIENT,JUDGE_DISAGREEMENT,JUDGE_DISAGREEMENT
q_5f279acb,miss,miss,,0,WRONG,WRONG,WRONG,0,0,SUFFICIENT,SUFFICIENT,SUFFICIENT,SUFFICIENT,SUFFICIENT,SUFFICIENT
q_00b36de6,miss,miss,,0,WRONG,WRONG,WRONG,0,0,INSUFFICIENT,INSUFFICIENT,INSUFFICIENT,INSUFFICIENT,INSUFFICIENT,INSUFFICIENT
q_fdca6dd5,miss,miss,,0,WRONG,WRONG,WRONG,0,0,INSUFFICIENT,INSUFFICIENT,INSUFFICIENT,INSUFFICIENT,INSUFFICIENT,INSUFFICIENT
q_440c74b3,miss,miss,,0,CORRECT,CORRECT,CORRECT,0,0,SUFFICIENT,SUFFICIENT,SUFFICIENT,SUFFICIENT,SUFFICIENT,SUFFICIENT
q_4efb2d83,miss,miss,,0,CORRECT,CORRECT,CORRECT,0,0,SUFFICIENT,SUFFICIENT,SUFFICIENT,SUFFICIENT,SUFFICIENT,SUFFICIENT
q_0e3fb3ca,miss,miss,,0,CORRECT,CORRECT,CORRECT,0,0,SUFFICIENT,SUFFICIENT,SUFFICIENT,SUFFICIENT,SUFFICIENT,SUFFICIENT
q_e3c14282,miss,miss,,0,CORRECT,CORRECT,CORRECT,0,0,SUFFICIENT,SUFFICIENT,SUFFICIENT,SUFFICIENT,SUFFICIENT,SUFFICIENT
q_db354b10,miss,miss,,0,CORRECT,CORRECT,CORRECT,0,0,INSUFFICIENT,SUFFICIENT,INSUFFICIENT,SUFFICIENT,JUDGE_DISAGREEMENT,JUDGE_DISAGREEMENT
q_450e7484,miss,miss,,0,CORRECT,CORRECT,CORRECT,0,0,SUFFICIENT,SUFFICIENT,SUFFICIENT,SUFFICIENT,SUFFICIENT,SUFFICIENT
q_09b65984,miss,miss,,0,WRONG,WRONG,WRONG,0,0,SUFFICIENT,SUFFICIENT,SUFFICIENT,SUFFICIENT,SUFFICIENT,SUFFICIENT
q_21593fd1,miss,miss,,0,CORRECT,CORRECT,CORRECT,0,0,INSUFFICIENT,SUFFICIENT,INSUFFICIENT,SUFFICIENT,JUDGE_DISAGREEMENT,JUDGE_DISAGREEMENT
q_e2f9f525,L2,miss_rejected,REJECT,1,CORRECT,WRONG,CORRECT,1,0,INSUFFICIENT,INSUFFICIENT,SUFFICIENT,SUFFICIENT,INSUFFICIENT,SUFFICIENT
p_q_54cc8f89_3,L2,L2,ACCEPT,1,WRONG,WRONG,WRONG,0,0,INSUFFICIENT,INSUFFICIENT,SUFFICIENT,INSUFFICIENT,INSUFFICIENT,JUDGE_DISAGREEMENT
p_q_4913788c_1,L2,miss_rejected,REJECT,1,WRONG,WRONG,WRONG,0,0,INSUFFICIENT,SUFFICIENT,INSUFFICIENT,SUFFICIENT,JUDGE_DISAGREEMENT,JUDGE_DISAGREEMENT
q_92b21278,miss,miss,,0,WRONG,WRONG,WRONG,0,0,SUFFICIENT,SUFFICIENT,SUFFICIENT,SUFFICIENT,SUFFICIENT,SUFFICIENT
p_q_56a62a28_2,L2,miss_rejected,REJECT,1,WRONG,WRONG,WRONG,0,0,INSUFFICIENT,INSUFFICIENT,SUFFICIENT,SUFFICIENT,INSUFFICIENT,SUFFICIENT
p_q_e6bc0a36_3,L1,L1,,0,WRONG,WRONG,WRONG,0,0,INSUFFICIENT,INSUFFICIENT,INSUFFICIENT,INSUFFICIENT,INSUFFICIENT,INSUFFICIENT
q_f1d321db,L2,L2,ACCEPT,0,WRONG,WRONG,WRONG,0,0,SUFFICIENT,SUFFICIENT,SUFFICIENT,SUFFICIENT,SUFFICIENT,SUFFICIENT
p_q_41540d4e_1,L2,L2,ACCEPT,0,WRONG,WRONG,WRONG,0,0,SUFFICIENT,SUFFICIENT,SUFFICIENT,SUFFICIENT,SUFFICIENT,SUFFICIENT
