kind,scope,id,detail
unavailable_snapshot,request,p_q_b5bab848_2,1 of 2 URLs missing at round rerun_24h
missing_metadata,gold_provenance,p_q_0e39d599_1,query not present in c2_gold_provenance.csv
unavailable_snapshot,request,p_q_8ac2e944_2,1 of 2 URLs missing at round rerun_24h
unavailable_snapshot,request,p_q_4209c718_2,1 of 2 URLs missing at round rerun_24h
unavailable_snapshot,request,p_q_ba4e488d_3,1 of 2 URLs missing at round rerun_24h
missing_metadata,gold_provenance,p_q_e192f364_1,query not present in c2_gold_provenance.csv
missing_metadata,gold_provenance,p_q_ae57c718_2,query not present in c2_gold_provenance.csv
missing_metadata,gold_provenance,p_q_92bed87f_2,query not present in c2_gold_provenance.csv
missing_metadata,gold_provenance,p_q_c96939e7_1,query not present in c2_gold_provenance.csv
unavailable_snapshot,request,p_q_d6104cc3_1,1 of 2 URLs missing at round rerun_24h
missing_metadata,gold_provenance,p_q_da1c81d6_0,query not present in c2_gold_provenance.csv
missing_metadata,gold_provenance,q_c6b40080,query not present in c2_gold_provenance.csv
missing_metadata,gold_provenance,q_5fb43c16,query not present in c2_gold_provenance.csv
unavailable_snapshot,request,p_q_498e07da_0,1 of 2 URLs missing at round rerun_24h
missing_metadata,gold_provenance,p_q_c7e889d2_1,query not present in c2_gold_provenance.csv
missing_metadata,gold_provenance,p_q_9ad3d8f7_0,query not present in c2_gold_provenance.csv
unavailable_snapshot,request,p_q_5eaf6b2e_0,1 of 4 URLs missing at round rerun_24h
unavailable_snapshot,request,p_q_c51c0b2b_0,1 of 2 URLs missing at round rerun_24h
unavailable_snapshot,request,p_q_ba4e488d_2,1 of 2 URLs missing at round rerun_24h
unavailable_snapshot,request,p_q_0862570f_2,1 of 2 URLs missing at round rerun_24h
unavailable_snapshot,request,p_q_69f7cd76_3,1 of 2 URLs missing at round rerun_24h
unavailable_snapshot,request,q_7c0a6cba,1 of 2 URLs missing at round rerun_12h
missing_metadata,gold_provenance,p_q_008dbbf5_1,query not present in c2_gold_provenance.csv
missing_metadata,gold_provenance,p_q_9ffc1ed9_0,query not present in c2_gold_provenance.csv
missing_metadata,gold_provenance,p_q_35e41392_1,query not present in c2_gold_provenance.csv
missing_metadata,gold_provenance,p_q_83e37c6e_2,query not present in c2_gold_provenance.csv
missing_metadata,gold_provenance,p_q_4efb2d83_3,query not present in c2_gold_provenance.csv
missing_metadata,gold_provenance,p_q_df1576bb_1,query not present in c2_gold_provenance.csv
missing_metadata,gold_provenance,p_q_3484eada_3,query not present in c2_gold_provenance.csv
missing_metadata,gold_provenance,p_q_2d2c3ec0_0,query not present in c2_gold_provenance.csv
missing_metadata,gold_provenance,p_q_bd9e6870_0,query not present in c2_gold_provenance.csv
missing_metadata,gold_provenance,q_4efb2d83,query not present in c2_gold_provenance.csv
unavailable_snapshot,request,q_450e7484,1 of 2 URLs missing at round rerun_24h
unavailable_snapshot,request,p_q_54cc8f89_3,1 of 2 URLs missing at round rerun_24h
