table,key,snapshots,substantive,short_text_under_400,block_page,non_200,empty,non_substantive_pct,short_pct
snapshot_taxonomy,run_00,8635,4559,4058,18,0,0,47.2032,46.9948
snapshot_taxonomy,rerun_1h,8429,4394,4001,34,0,0,47.8704,47.4671
snapshot_taxonomy,rerun_12h,8358,4394,3930,34,0,0,47.4276,47.0208
snapshot_taxonomy,rerun_24h,8348,4387,3927,34,0,0,47.4485,47.0412
snapshot_taxonomy,rerun_7d,8168,4228,3903,37,0,0,48.237,47.784
snapshot_taxonomy,rerun_48h,160,90,70,0,0,0,43.75,43.75
snapshot_taxonomy,five_named_rounds,41938,21962,19819,157,0,0,47.6322,47.2579
snapshot_taxonomy,six_rounds_incl_48h,42098,22052,19889,157,0,0,47.6175,47.2445

table,unit,N,chi2,cramers_v_6dp,"mean(FAST,REAL_TIME)-mean(TIMELESS,SLOW) pp",TIMELESS,SLOW,MEDIUM,FAST,REAL_TIME
class_association,a_manifest_rows_query_x_url,17351,121.5301,0.083691,8.258638,58.189515,57.086431,60.819009,58.525149,73.268072
class_association,b_unique_url_class_pairs,7958,15.027,0.043454,5.834447,55.434783,53.262868,55.087906,53.339518,67.027027
class_association,c_unique_url_single_class,7495,12.8947,0.041478,4.88829,55.219072,53.414634,55.568513,52.873563,65.536723

table,set,n,MEDIUM,SLOW,TIMELESS,FAST
paired_vs_support,support_S,12568,3039,3233,2715,3581
paired_vs_support,paired,16813,3913,4747,3963,4190
paired_vs_support,intersection,9864,,,,
paired_vs_support,paired_only,6949,1655,2035,1729,1530
paired_vs_support,support_only,2704,781,521,481,921

table,n_urls_in_record,base_queries,all_requests,distinct_hashes_base_queries
urls_per_request,1,3906,19474,4036
urls_per_request,2,1883,9386,1925
urls_per_request,3,183,912,220
urls_per_request,4,285,1424,77
urls_per_request,5,1,5,0
